上海市奉贤区,19046308.0
上海市崇明区,6469316.5
云南省临沧市临翔区,2426422.5
云南省临沧市云县,1654135.4
云南省临沧市凤庆县,1448475.8
云南省临沧市双江拉祜族佤族布朗族傣族自治县,703432.44
云南省临沧市永德县,1081284.6
云南省临沧市沧源佤族自治县,1002158.6
云南省临沧市耿马傣族佤族自治县,1754429.5
云南省临沧市镇康县,1212217.5
云南省丽江市华坪县,742671.1
云南省丽江市古城区,3961194.2
云南省丽江市宁蒗彝族自治县,1345505.9
云南省丽江市永胜县,1613808.1
云南省丽江市玉龙纳西族自治县,1800671.8
云南省保山市施甸县,1090972.4
云南省保山市昌宁县,1845367.6
云南省保山市腾冲市,3079938.0
云南省保山市隆阳区,4148530.5
云南省保山市龙陵县,1225174.8
云南省大理白族自治州云龙县,1143190.0
云南省大理白族自治州剑川县,1014106.5
云南省大理白族自治州南涧彝族自治县,905238.25
云南省大理白族自治州大理市,5653463.5
云南省大理白族自治州宾川县,1369717.8
云南省大理白族自治州巍山彝族回族自治县,1027292.06
云南省大理白族自治州弥渡县,851451.0
云南省大理白族自治州永平县,936270.6
云南省大理白族自治州洱源县,889960.7
云南省大理白族自治州漾濞彝族自治县,605876.25
云南省大理白族自治州祥云县,2244792.0
云南省大理白族自治州鹤庆县,989901.25
云南省德宏傣族景颇族自治州梁河县,532637.5
云南省德宏傣族景颇族自治州瑞丽市,1758494.1
云南省德宏傣族景颇族自治州盈江县,1478112.5
云南省德宏傣族景颇族自治州芒市,2737369.2
云南省德宏傣族景颇族自治州陇川县,1006595.06
云南省怒江傈僳族自治州兰坪白族普米族自治县,1316263.1
云南省怒江傈僳族自治州泸水市,1192200.0
云南省怒江傈僳族自治州福贡县,598931.94
云南省怒江傈僳族自治州贡山独龙族怒族自治县,504337.56
云南省文山壮族苗族自治州丘北县,1638150.4
云南省文山壮族苗族自治州富宁县,1268930.5
云南省文山壮族苗族自治州广南县,2079783.2
云南省文山壮族苗族自治州文山市,3278512.2
云南省文山壮族苗族自治州砚山县,2128828.0
云南省文山壮族苗族自治州西畴县,744189.3
云南省文山壮族苗族自治州马关县,1315178.5
云南省文山壮族苗族自治州麻栗坡县,780774.6
云南省昆明市东川区,1043929.7
云南省昆明市五华区,12186905.0
云南省昆明市呈贡区,4535316.0
云南省昆明市安宁市,5786572.0
云南省昆明市官渡区,13757393.0
云南省昆明市宜良县,2356531.0
云南省昆明市富民县,1259460.1
云南省昆明市寻甸回族彝族自治县,2112802.0
云南省昆明市嵩明县,3114677.0
云南省昆明市晋宁区,2367715.8
云南省昆明市盘龙区,8061897.0
云南省昆明市石林彝族自治县,1437293.9
云南省昆明市禄劝彝族苗族自治县,1465582.2
云南省昆明市西山区,7901678.5
云南省昭通市大关县,625500.1
云南省昭通市威信县,1670951.2
云南省昭通市巧家县,1770944.5
云南省昭通市彝良县,1245205.5
云南省昭通市昭阳区,3630420.2
云南省昭通市水富市,586362.3
云南省昭通市永善县,1180444.4
云南省昭通市盐津县,623816.7
云南省昭通市绥江县,558823.06
云南省昭通市镇雄县,2575947.0
云南省昭通市鲁甸县,1493697.5
云南省普洱市墨江哈尼族自治县,1108637.5
云南省普洱市孟连傣族拉祜族佤族自治县,678569.75
云南省普洱市宁洱哈尼族彝族自治县,1190811.1
云南省普洱市思茅区,2948919.0
云南省普洱市景东彝族自治县,1174484.1
云南省普洱市景谷傣族彝族自治县,1329296.0
云南省普洱市江城哈尼族彝族自治县,759751.3
云南省普洱市澜沧拉祜族自治县,1611621.5
云南省普洱市西盟佤族自治县,341350.4
云南省普洱市镇沅彝族哈尼族拉祜族自治县,1242758.8
云南省曲靖市会泽县,3234414.2
云南省曲靖市宣威市,3367949.2
云南省曲靖市富源县,2330768.2
云南省曲靖市师宗县,1873188.5
云南省曲靖市沾益区,2952163.0
云南省曲靖市罗平县,2478261.2
云南省曲靖市陆良县,2978510.5
云南省曲靖市马龙区,2101408.5
云南省曲靖市麒麟区,8042176.5
云南省楚雄彝族自治州元谋县,1180787.5
云南省楚雄彝族自治州南华县,1101426.9
云南省楚雄彝族自治州双柏县,976311.94
云南省楚雄彝族自治州大姚县,1485155.5
云南省楚雄彝族自治州姚安县,626276.4
云南省楚雄彝族自治州楚雄市,4807653.5
云南省楚雄彝族自治州武定县,1287121.5
云南省楚雄彝族自治州永仁县,679547.9
云南省楚雄彝族自治州牟定县,913854.9
云南省楚雄彝族自治州禄丰县,2163483.0
云南省玉溪市元江哈尼族彝族傣族自治县,1185781.0
云南省玉溪市华宁县,1030113.8
云南省玉溪市峨山彝族自治县,1148710.4
云南省玉溪市新平彝族傣族自治县,1957491.1
云南省玉溪市易门县,999810.94
云南省玉溪市江川区,1273656.8
云南省玉溪市红塔区,7267658.0
云南省玉溪市通海县,1611665.0
云南省红河哈尼族彝族自治州个旧市,2570937.2
云南省红河哈尼族彝族自治州元阳县,816659.2
云南省红河哈尼族彝族自治州屏边苗族自治县,693274.56
云南省红河哈尼族彝族自治州建水县,2807563.8
云南省红河哈尼族彝族自治州开远市,2891952.2
云南省红河哈尼族彝族自治州弥勒市,4526581.5
云南省红河哈尼族彝族自治州河口瑶族自治县,806063.2
云南省红河哈尼族彝族自治州泸西县,1716037.0
云南省红河哈尼族彝族自治州石屏县,1377178.5
云南省红河哈尼族彝族自治州红河县,679874.25
云南省红河哈尼族彝族自治州绿春县,708802.75
云南省红河哈尼族彝族自治州蒙自市,3263252.5
云南省红河哈尼族彝族自治州金平苗族瑶族傣族自治县,878335.1
云南省西双版纳傣族自治州勐海县,2123388.0
云南省西双版纳傣族自治州勐腊县,1819264.9
云南省西双版纳傣族自治州景洪市,3203375.2
云南省迪庆藏族自治州德钦县,410467.16
云南省迪庆藏族自治州维西傈僳族自治县,1017494.0
云南省迪庆藏族自治州香格里拉市,1709580.0
内蒙古自治区乌兰察布市丰镇市,1062308.8
内蒙古自治区乌兰察布市兴和县,782930.75
内蒙古自治区乌兰察布市凉城县,757577.2
内蒙古自治区乌兰察布市化德县,387148.7
内蒙古自治区乌兰察布市卓资县,392005.62
内蒙古自治区乌兰察布市商都县,704362.06
内蒙古自治区乌兰察布市四子王旗,815777.3
内蒙古自治区乌兰察布市察哈尔右翼中旗,517667.3
内蒙古自治区乌兰察布市察哈尔右翼前旗,1169136.1
内蒙古自治区乌兰察布市察哈尔右翼后旗,542142.1
内蒙古自治区乌兰察布市集宁区,2191728.8
内蒙古自治区乌海市乌达区,1647698.4
内蒙古自治区乌海市海勃湾区,2564078.2
内蒙古自治区乌海市海南区,2332180.0
内蒙古自治区兴安盟乌兰浩特市,1212747.2
内蒙古自治区兴安盟扎赉特旗,734501.06
内蒙古自治区兴安盟科尔沁右翼中旗,677790.56
内蒙古自治区兴安盟科尔沁右翼前旗,619437.56
内蒙古自治区兴安盟突泉县,495534.3
内蒙古自治区兴安盟阿尔山市,300270.06
内蒙古自治区包头市东河区,3437940.2
内蒙古自治区包头市九原区,2950543.0
内蒙古自治区包头市固阳县,1141474.9
内蒙古自治区包头市土默特右旗,1809646.6
内蒙古自治区包头市昆都仑区,9085154.0
内蒙古自治区包头市白云鄂博矿区,435687.34
内蒙古自治区包头市石拐区,760440.4
内蒙古自治区包头市达尔罕茂明安联合旗,1134293.2
内蒙古自治区包头市青山区,8254546.5
内蒙古自治区呼伦贝尔市扎兰屯市,1494342.0
内蒙古自治区呼伦贝尔市新巴尔虎右旗,909504.2
内蒙古自治区呼伦贝尔市新巴尔虎左旗,640845.3
内蒙古自治区呼伦贝尔市根河市,434882.6
内蒙古自治区呼伦贝尔市海拉尔区,1449089.5
内蒙古自治区呼伦贝尔市满洲里市,1355075.8
内蒙古自治区呼伦贝尔市牙克石市,1208251.8
内蒙古自治区呼伦贝尔市莫力达瓦达斡尔族自治旗,914537.3
内蒙古自治区呼伦贝尔市鄂伦春自治旗,986196.94
内蒙古自治区呼伦贝尔市鄂温克族自治旗,1091636.0
内蒙古自治区呼伦贝尔市阿荣旗,1091964.5
内蒙古自治区呼伦贝尔市陈巴尔虎旗,1016008.5
内蒙古自治区呼伦贝尔市额尔古纳市,582195.1
内蒙古自治区呼和浩特市和林格尔县,2088672.4
内蒙古自治区呼和浩特市回民区,3023737.5
内蒙古自治区呼和浩特市土默特左旗,2131856.0
内蒙古自治区呼和浩特市托克托县,1562771.2
内蒙古自治区呼和浩特市新城区,6449996.5
内蒙古自治区呼和浩特市武川县,525545.56
内蒙古自治区呼和浩特市清水河县,657588.2
内蒙古自治区呼和浩特市玉泉区,3625379.5
内蒙古自治区呼和浩特市赛罕区,6677513.5
内蒙古自治区巴彦淖尔市临河区,2526777.2
内蒙古自治区巴彦淖尔市乌拉特中旗,792980.1
内蒙古自治区巴彦淖尔市乌拉特前旗,1471486.0
内蒙古自治区巴彦淖尔市乌拉特后旗,756429.75
内蒙古自治区巴彦淖尔市五原县,953401.7
内蒙古自治区巴彦淖尔市杭锦后旗,1119381.5
内蒙古自治区巴彦淖尔市磴口县,835434.8
内蒙古自治区赤峰市元宝山区,2053912.9
内蒙古自治区赤峰市克什克腾旗,1150106.9
内蒙古自治区赤峰市喀喇沁旗,997076.8
内蒙古自治区赤峰市宁城县,1943939.0
内蒙古自治区赤峰市巴林右旗,924078.8
内蒙古自治区赤峰市巴林左旗,1025858.25
内蒙古自治区赤峰市敖汉旗,1497642.1
内蒙古自治区赤峰市松山区,3411237.8
内蒙古自治区赤峰市林西县,887461.4
内蒙古自治区赤峰市红山区,2769400.0
内蒙古自治区赤峰市翁牛特旗,1201240.9
内蒙古自治区赤峰市阿鲁科尔沁旗,958810.4
内蒙古自治区通辽市奈曼旗,1595570.9
内蒙古自治区通辽市库伦旗,856356.7
内蒙古自治区通辽市开鲁县,1554075.2
内蒙古自治区通辽市扎鲁特旗,1297812.5
内蒙古自治区通辽市科尔沁区,4667054.0
内蒙古自治区通辽市科尔沁左翼中旗,1256196.0
内蒙古自治区通辽市科尔沁左翼后旗,1451213.9
内蒙古自治区通辽市霍林郭勒市,1429374.6
内蒙古自治区鄂尔多斯市东胜区,6082673.0
内蒙古自治区鄂尔多斯市乌审旗,3596393.5
内蒙古自治区鄂尔多斯市伊金霍洛旗,6334343.0
内蒙古自治区鄂尔多斯市准格尔旗,8199900.0
内蒙古自治区鄂尔多斯市杭锦旗,1467842.6
内蒙古自治区鄂尔多斯市达拉特旗,3807460.5
内蒙古自治区鄂尔多斯市鄂托克前旗,1835644.8
内蒙古自治区鄂尔多斯市鄂托克旗,4941451.0
内蒙古自治区锡林郭勒盟东乌珠穆沁旗,1043387.25
内蒙古自治区锡林郭勒盟二连浩特市,1043769.0
内蒙古自治区锡林郭勒盟多伦县,507520.84
内蒙古自治区锡林郭勒盟太仆寺旗,505402.9
内蒙古自治区锡林郭勒盟正蓝旗,667684.4
内蒙古自治区锡林郭勒盟正镶白旗,427857.7
内蒙古自治区锡林郭勒盟苏尼特右旗,584635.5
内蒙古自治区锡林郭勒盟苏尼特左旗,568507.9
内蒙古自治区锡林郭勒盟西乌珠穆沁旗,1297902.2
内蒙古自治区锡林郭勒盟锡林浩特市,2109976.8
内蒙古自治区锡林郭勒盟镶黄旗,513348.4
内蒙古自治区锡林郭勒盟阿巴嘎旗,665293.8
内蒙古自治区阿拉善盟阿拉善右旗,497945.25
内蒙古自治区阿拉善盟阿拉善左旗,2757099.2
内蒙古自治区阿拉善盟额济纳旗,655757.6
北京市大兴区,10152820.0
北京市密云区,3425776.8
北京市平谷区,3469474.0
北京市延庆区,2149840.0
北京市怀柔区,3841747.2
吉林省吉林市桦甸市,1177863.9
吉林省吉林市永吉县,1439846.0
吉林省吉林市磐石市,1561741.9
吉林省吉林市舒兰市,1366043.0
吉林省吉林市蛟河市,1134770.8
吉林省四平市伊通满族自治县,1681122.6
吉林省四平市双辽市,1730692.6
吉林省四平市梨树县,2232377.8
吉林省延边朝鲜族自治州和龙市,362759.16
吉林省延边朝鲜族自治州图们市,272278.1
吉林省延边朝鲜族自治州安图县,409960.12
吉林省延边朝鲜族自治州延吉市,2713318.5
吉林省延边朝鲜族自治州敦化市,1355252.8
吉林省延边朝鲜族自治州汪清县,396495.88
吉林省延边朝鲜族自治州珲春市,1866281.9
吉林省延边朝鲜族自治州龙井市,373427.5
吉林省松原市乾安县,981973.6
吉林省松原市前郭尔罗斯蒙古族自治县,1604217.6
吉林省松原市扶余市,1499347.0
吉林省松原市长岭县,1645420.2
吉林省白城市大安市,1041161.6
吉林省白城市洮南市,1138899.9
吉林省白城市通榆县,1166427.8
吉林省白城市镇赉县,903726.94
吉林省白山市临江市,831072.56
吉林省白山市抚松县,1145339.2
吉林省白山市江源区,984172.2
吉林省白山市长白朝鲜族自治县,507793.78
吉林省白山市靖宇县,797042.2
吉林省辽源市东丰县,1494345.1
吉林省辽源市东辽县,962031.8
吉林省通化市柳河县,991014.9
吉林省通化市梅河口市,2484309.8
吉林省通化市辉南县,1050156.0
吉林省通化市通化县,1027659.7
吉林省通化市集安市,890317.9
吉林省长春市九台区,2477438.8
吉林省长春市农安县,2754387.5
吉林省长春市德惠市,2251665.0
吉林省长春市榆树市,2576648.8
四川省乐山市五通桥区,1795862.8
四川省乐山市井研县,1490674.9
四川省乐山市夹江县,2201014.2
四川省乐山市峨眉山市,2949995.2
四川省乐山市峨边彝族自治县,760954.06
四川省乐山市沐川县,1258531.8
四川省乐山市沙湾区,1672938.9
四川省乐山市犍为县,2195480.8
四川省乐山市金口河区,355830.94
四川省乐山市马边彝族自治县,767114.25
四川省内江市东兴区,3249187.8
四川省内江市威远县,3588904.0
四川省内江市市中区,3618823.2
四川省内江市资中县,2920651.2
四川省内江市隆昌市,3136512.0
四川省凉山彝族自治州会东县,2248599.0
四川省凉山彝族自治州会理县,2260059.5
四川省凉山彝族自治州冕宁县,1309179.1
四川省凉山彝族自治州喜德县,691532.06
四川省凉山彝族自治州宁南县,1020915.0
四川省凉山彝族自治州布拖县,822268.2
四川省凉山彝族自治州德昌县,1601089.6
四川省凉山彝族自治州昭觉县,1051645.2
四川省凉山彝族自治州普格县,667607.6
四川省凉山彝族自治州木里藏族自治县,612835.94
四川省凉山彝族自治州甘洛县,567526.9
四川省凉山彝族自治州盐源县,1412640.5
四川省凉山彝族自治州美姑县,577026.1
四川省凉山彝族自治州西昌市,6224302.5
四川省凉山彝族自治州越西县,718356.2
四川省凉山彝族自治州金阳县,721434.0
四川省凉山彝族自治州雷波县,1075592.0
四川省南充市仪陇县,3319758.8
四川省南充市南部县,3773787.2
四川省南充市嘉陵区,2672187.0
四川省南充市营山县,3848593.2
四川省南充市蓬安县,2874024.5
四川省南充市西充县,1865548.2
四川省南充市阆中市,3147798.0
四川省南充市顺庆区,5480282.5
四川省南充市高坪区,4377390.0
四川省宜宾市兴文县,1908130.4
四川省宜宾市南溪区,1998607.2
四川省宜宾市叙州区,5185178.5
四川省宜宾市屏山县,1465761.6
四川省宜宾市江安县,1963323.1
四川省宜宾市珙县,1849743.6
四川省宜宾市筠连县,1384076.9
四川省宜宾市翠屏区,8532844.0
四川省宜宾市长宁县,1926468.8
四川省宜宾市高县,2090742.4
四川省巴中市南江县,1921077.5
四川省巴中市巴州区,2448673.8
四川省巴中市平昌县,2106344.0
四川省巴中市通江县,2232435.5
四川省广元市利州区,3224471.8
四川省广元市剑阁县,2033612.8
四川省广元市旺苍县,1779294.9
四川省广元市昭化区,1082918.2
四川省广元市朝天区,1208393.6
四川省广元市苍溪县,2453883.8
四川省广元市青川县,1087380.4
四川省广安市华蓥市,1678461.0
四川省广安市岳池县,2992854.5
四川省广安市广安区,2920767.2
四川省广安市武胜县,2609092.0
四川省广安市邻水县,3036446.5
四川省德阳市中江县,4694681.5
四川省德阳市什邡市,3077297.2
四川省德阳市广汉市,4658151.0
四川省德阳市旌阳区,6556231.5
四川省德阳市绵竹市,3381816.8
四川省德阳市罗江区,1873409.8
四川省成都市双流区,15805211.0
四川省成都市大邑县,2909415.5
四川省成都市崇州市,3559208.2
四川省成都市彭州市,5182260.0
四川省成都市成华区,11203088.0
四川省成都市新津县,4502051.5
四川省成都市新都区,8938835.0
四川省成都市武侯区,13392363.0
四川省成都市温江区,5880050.0
四川省成都市简阳市,8539199.0
四川省成都市蒲江县,2200687.0
四川省成都市邛崃市,3711356.8
四川省成都市郫都区,9701331.0
四川省成都市都江堰市,3439578.0
四川省成都市金堂县,5521957.0
四川省成都市金牛区,13219308.0
四川省成都市锦江区,11570617.0
四川省成都市青白江区,6957999.0
四川省成都市青羊区,13400707.0
四川省成都市龙泉驿区,14046862.0
四川省攀枝花市东区,5216339.0
四川省攀枝花市仁和区,3144560.2
四川省攀枝花市盐边县,2246791.0
四川省攀枝花市米易县,2250165.0
四川省攀枝花市西区,887509.3
四川省泸州市叙永县,2547994.0
四川省泸州市古蔺县,2835224.5
四川省泸州市合江县,2766854.2
四川省泸州市江阳区,5209427.5
四川省泸州市泸县,4155650.5
四川省泸州市纳溪区,2118391.5
四川省泸州市龙马潭区,3694506.2
四川省甘孜藏族自治州丹巴县,307338.84
四川省甘孜藏族自治州九龙县,300707.4
四川省甘孜藏族自治州乡城县,211189.08
四川省甘孜藏族自治州巴塘县,861257.44
四川省甘孜藏族自治州康定市,766198.44
四川省甘孜藏族自治州得荣县,396670.62
四川省甘孜藏族自治州德格县,465461.62
四川省甘孜藏族自治州新龙县,227713.25
四川省甘孜藏族自治州泸定县,938805.94
四川省甘孜藏族自治州炉霍县,343410.1
四川省甘孜藏族自治州理塘县,230930.31
四川省甘孜藏族自治州甘孜县,1647413.6
四川省甘孜藏族自治州白玉县,390477.53
四川省甘孜藏族自治州石渠县,467377.44
四川省甘孜藏族自治州稻城县,357467.9
四川省甘孜藏族自治州色达县,993743.25
四川省甘孜藏族自治州道孚县,500144.44
四川省甘孜藏族自治州雅江县,290858.7
四川省眉山市东坡区,6000450.5
四川省眉山市丹棱县,944603.6
四川省眉山市仁寿县,6149701.5
四川省眉山市彭山区,3702430.2
四川省眉山市洪雅县,1551957.2
四川省眉山市青神县,1221348.8
四川省绵阳市三台县,5056836.0
四川省绵阳市北川羌族自治县,1353053.4
四川省绵阳市安州区,2618133.2
四川省绵阳市平武县,1175338.2
四川省绵阳市梓潼县,2370859.5
四川省绵阳市江油市,4380972.0
四川省绵阳市涪城区,9830160.0
四川省绵阳市游仙区,4437967.5
四川省绵阳市盐亭县,2591927.5
四川省自贡市大安区,2250630.8
四川省自贡市富顺县,3512732.2
四川省自贡市沿滩区,2734966.5
四川省自贡市自流井区,3152270.0
四川省自贡市荣县,2707389.0
四川省自贡市贡井区,1792394.0
四川省资阳市乐至县,2470427.0
四川省资阳市安岳县,3318847.0
四川省资阳市雁江区,5723638.0
四川省达州市万源市,2062638.5
四川省达州市大竹县,4144079.2
四川省达州市宣汉县,3495396.5
四川省达州市开江县,2119349.2
四川省达州市渠县,3212920.0
四川省达州市达川区,4300190.0
四川省达州市通川区,3774561.8
四川省遂宁市大英县,1900153.9
四川省遂宁市安居区,2269563.0
四川省遂宁市船山区,5336820.0
四川省遂宁市蓬溪县,2388864.8
四川省阿坝藏族羌族自治州九寨沟县,1061711.8
四川省阿坝藏族羌族自治州壤塘县,311857.34
四川省阿坝藏族羌族自治州小金县,515321.03
四川省阿坝藏族羌族自治州松潘县,587587.56
四川省阿坝藏族羌族自治州汶川县,989063.5
四川省阿坝藏族羌族自治州理县,545781.8
四川省阿坝藏族羌族自治州红原县,857706.9
四川省阿坝藏族羌族自治州若尔盖县,320923.53
四川省阿坝藏族羌族自治州茂县,870944.75
四川省阿坝藏族羌族自治州金川县,307797.16
四川省阿坝藏族羌族自治州阿坝县,313720.34
四川省阿坝藏族羌族自治州马尔康市,1049976.6
四川省阿坝藏族羌族自治州黑水县,914893.0
四川省雅安市名山区,1244059.5
四川省雅安市天全县,907369.8
四川省雅安市宝兴县,582998.44
四川省雅安市汉源县,1442628.0
四川省雅安市石棉县,1704049.4
四川省雅安市芦山县,573683.4
四川省雅安市荥经县,514903.9
四川省雅安市雨城区,2216100.8
天津市东丽区,6548829.5
天津市北辰区,6517741.0
天津市南开区,7432003.5
天津市和平区,8195313.5
天津市宁河区,3518360.5
天津市宝坻区,4000207.8
天津市武清区,8396672.0
天津市河东区,4110850.5
天津市河北区,3565429.8
天津市河西区,9533903.0
天津市津南区,6551312.0
天津市滨海新区,58677730.0
天津市红桥区,2627992.5
天津市蓟州区,2597567.0
天津市西青区,8106962.5
天津市静海区,5337796.5
宁夏回族自治区中卫市中宁县,1716341.2
宁夏回族自治区中卫市沙坡头区,2316716.0
宁夏回族自治区中卫市海原县,1252496.5
宁夏回族自治区吴忠市利通区,1757832.2
宁夏回族自治区吴忠市同心县,1199807.8
宁夏回族自治区吴忠市盐池县,1530435.1
宁夏回族自治区吴忠市红寺堡区,597363.2
宁夏回族自治区吴忠市青铜峡市,1313892.0
宁夏回族自治区固原市原州区,1900173.4
宁夏回族自治区固原市彭阳县,718962.4
宁夏回族自治区固原市泾源县,293904.0
宁夏回族自治区固原市西吉县,959428.1
宁夏回族自治区固原市隆德县,625615.1
宁夏回族自治区石嘴山市大武口区,1789422.2
宁夏回族自治区石嘴山市平罗县,1619434.0
宁夏回族自治区石嘴山市惠农区,1653633.8
宁夏回族自治区银川市兴庆区,5511570.5
宁夏回族自治区银川市永宁县,1265363.8
宁夏回族自治区银川市灵武市,6458766.5
宁夏回族自治区银川市西夏区,3414349.2
宁夏回族自治区银川市贺兰县,1595034.2
宁夏回族自治区银川市金凤区,2998000.5
安徽省亳州市利辛县,3020559.2
安徽省亳州市涡阳县,3785297.8
安徽省亳州市蒙城县,3737603.5
安徽省六安市舒城县,3990088.2
安徽省六安市金寨县,3504221.5
安徽省六安市霍山县,2118327.0
安徽省六安市霍邱县,4255165.0
安徽省合肥市巢湖市,5090169.0
安徽省合肥市庐江县,5175340.0
安徽省合肥市肥东县,6683693.0
安徽省合肥市肥西县,9284109.0
安徽省合肥市长丰县,7339756.5
安徽省安庆市太湖县,2488013.5
安徽省安庆市宿松县,2985710.5
安徽省安庆市岳西县,1691439.2
安徽省安庆市怀宁县,3058249.0
安徽省安庆市望江县,2439252.8
安徽省安庆市桐城市,3504156.8
安徽省安庆市潜山市,2379587.8
安徽省宣城市宁国市,3764018.0
安徽省宣城市旌德县,794920.56
安徽省宣城市泾县,2061687.5
安徽省宣城市绩溪县,1082936.1
安徽省宣城市郎溪县,2012123.1
安徽省宿州市泗县,3288197.8
安徽省宿州市灵璧县,4075024.8
安徽省宿州市砀山县,2886126.5
安徽省宿州市萧县,5056495.5
安徽省池州市东至县,2398193.0
安徽省池州市石台县,911683.06
安徽省池州市青阳县,1764467.5
安徽省淮北市濉溪县,4142892.8
安徽省淮南市凤台县,3129181.8
安徽省淮南市寿县,3602777.5
安徽省滁州市全椒县,3798173.5
安徽省滁州市凤阳县,3304557.0
安徽省滁州市天长市,4331404.0
安徽省滁州市定远县,3898905.5
安徽省滁州市明光市,4191352.2
安徽省滁州市来安县,4550838.5
安徽省芜湖市南陵县,2931365.2
安徽省芜湖市繁昌县,2969857.0
安徽省芜湖市芜湖县,3174597.2
安徽省蚌埠市五河县,2640185.5
安徽省蚌埠市固镇县,2782115.2
安徽省蚌埠市怀远县,3817777.2
安徽省铜陵市义安区,3085714.0
安徽省铜陵市枞阳县,2519797.0
安徽省阜阳市临泉县,4261104.0
安徽省阜阳市太和县,4375439.5
安徽省阜阳市界首市,2829665.5
安徽省阜阳市阜南县,3393763.8
安徽省阜阳市颍上县,4926171.5
安徽省马鞍山市含山县,2120300.5
安徽省马鞍山市和县,2933883.5
安徽省马鞍山市当涂县,3644514.2
安徽省黄山市休宁县,1482294.4
安徽省黄山市歙县,1646799.0
安徽省黄山市祁门县,1218675.8
安徽省黄山市黟县,781880.2
山东省东营市利津县,2239200.5
山东省东营市垦利区,3571913.0
山东省东营市广饶县,6817794.5
山东省临沂市临沭县,2252059.8
山东省临沂市兰陵县,4149807.5
山东省临沂市平邑县,2719601.0
山东省临沂市沂南县,3408612.2
山东省临沂市沂水县,4045874.2
山东省临沂市莒南县,4039120.0
山东省临沂市蒙阴县,1912840.1
山东省临沂市费县,3135554.2
山东省临沂市郯城县,2969268.0
山东省威海市乳山市,3482812.8
山东省威海市文登区,5845528.0
山东省威海市荣成市,8571846.0
山东省德州市临邑县,2683368.2
山东省德州市乐陵市,2405901.2
山东省德州市夏津县,1994161.6
山东省德州市宁津县,2160052.0
山东省德州市平原县,1996203.1
山东省德州市庆云县,1199951.9
山东省德州市武城县,1632096.2
山东省德州市禹城市,2157940.5
山东省德州市陵城区,2454994.8
山东省德州市齐河县,3587160.8
山东省日照市五莲县,2075799.9
山东省日照市莒县,3439137.0
山东省枣庄市滕州市,8086233.5
山东省泰安市东平县,2886707.0
山东省泰安市宁阳县,3838268.8
山东省泰安市新泰市,5179759.0
山东省泰安市肥城市,5819594.0
山东省济南市商河县,4029365.2
山东省济南市平阴县,2644408.5
山东省济南市济阳区,4125690.5
山东省济南市章丘区,8880542.0
山东省济南市长清区,3318865.0
山东省济宁市兖州区,6711324.0
山东省济宁市嘉祥县,3741817.8
山东省济宁市微山县,4432172.5
山东省济宁市曲阜市,3789057.8
山东省济宁市梁山县,2894230.0
山东省济宁市汶上县,2516208.0
山东省济宁市泗水县,2133453.5
山东省济宁市邹城市,7911496.5
山东省济宁市金乡县,2421662.8
山东省济宁市鱼台县,2179011.0
山东省淄博市桓台县,5184392.0
山东省淄博市沂源县,2468209.2
山东省淄博市高青县,1847868.6
山东省滨州市博兴县,3541054.5
山东省滨州市惠民县,1891493.0
山东省滨州市无棣县,3360496.5
山东省滨州市沾化区,1572266.6
山东省滨州市邹平市,5333948.0
山东省滨州市阳信县,1586204.0
山东省潍坊市临朐县,3828435.8
山东省潍坊市安丘市,3496595.8
山东省潍坊市寿光市,7909456.0
山东省潍坊市昌乐县,3114549.8
山东省潍坊市昌邑市,4392465.0
山东省潍坊市诸城市,7077188.5
山东省潍坊市青州市,5256219.5
山东省潍坊市高密市,5456923.5
山东省烟台市招远市,6370176.5
山东省烟台市栖霞市,2794165.8
山东省烟台市海阳市,4059423.8
山东省烟台市莱州市,5736078.0
山东省烟台市莱阳市,3965882.5
山东省烟台市蓬莱市,4747102.5
山东省烟台市龙口市,10673560.0
山东省聊城市东阿县,1704073.1
山东省聊城市临清市,2494139.2
山东省聊城市冠县,2377279.8
山东省聊城市莘县,3033916.0
山东省聊城市阳谷县,2897483.8
山东省聊城市高唐县,2289890.0
山东省菏泽市东明县,3002106.8
山东省菏泽市单县,4264251.5
山东省菏泽市定陶区,2247751.8
山东省菏泽市巨野县,3402114.0
山东省菏泽市成武县,2179468.0
山东省菏泽市曹县,5228006.5
山东省菏泽市郓城县,3859287.2
山东省菏泽市鄄城县,2472077.2
山东省青岛市即墨区,12888617.0
山东省青岛市平度市,7731760.0
山东省青岛市胶州市,11816498.0
山东省青岛市莱西市,5704308.5
山西省临汾市乡宁县,1216924.8
山西省临汾市侯马市,1493377.8
山西省临汾市古县,393681.2
山西省临汾市吉县,315829.84
山西省临汾市大宁县,207914.28
山西省临汾市安泽县,654909.44
山西省临汾市尧都区,3121814.0
山西省临汾市曲沃县,1142356.9
山西省临汾市永和县,256743.2
山西省临汾市汾西县,242861.86
山西省临汾市洪洞县,1923674.8
山西省临汾市浮山县,432849.1
山西省临汾市翼城县,911910.25
山西省临汾市蒲县,613207.56
山西省临汾市襄汾县,1483629.1
山西省临汾市隰县,139199.28
山西省临汾市霍州市,880425.7
山西省吕梁市中阳县,1354707.2
山西省吕梁市临县,959855.5
山西省吕梁市交口县,300756.03
山西省吕梁市交城县,950145.2
山西省吕梁市兴县,923354.5
山西省吕梁市孝义市,3287279.8
山西省吕梁市文水县,777224.44
山西省吕梁市方山县,442573.4
山西省吕梁市柳林县,1667121.9
山西省吕梁市汾阳市,1827112.0
山西省吕梁市石楼县,177043.31
山西省吕梁市离石区,1541158.4
山西省大同市云州区,1343289.6
山西省大同市天镇县,410295.06
山西省大同市左云县,1178142.9
山西省大同市广灵县,332322.56
山西省大同市新荣区,591016.56
山西省大同市浑源县,599958.3
山西省大同市灵丘县,765936.56
山西省大同市阳高县,718873.9
山西省太原市万柏林区,5308712.5
山西省太原市古交市,585965.5
山西省太原市娄烦县,360171.88
山西省太原市小店区,10568626.0
山西省太原市尖草坪区,4612366.5
山西省太原市晋源区,1057886.4
山西省太原市杏花岭区,7715974.0
山西省太原市清徐县,2330403.5
山西省太原市迎泽区,8797280.0
山西省太原市阳曲县,848492.94
山西省忻州市五台县,663344.3
山西省忻州市五寨县,801515.06
山西省忻州市代县,835310.25
山西省忻州市保德县,587704.2
山西省忻州市偏关县,283644.0
山西省忻州市原平市,2301345.2
山西省忻州市宁武县,859801.75
山西省忻州市定襄县,517551.5
山西省忻州市忻府区,2159968.0
山西省忻州市河曲县,883443.0
山西省忻州市神池县,460644.0
山西省忻州市繁峙县,800359.3
山西省忻州市静乐县,457036.12
山西省晋中市介休市,2090409.6
山西省晋中市和顺县,730579.44
山西省晋中市寿阳县,1200796.8
山西省晋中市左权县,773960.5
山西省晋中市平遥县,1318194.9
山西省晋中市昔阳县,909407.25
山西省晋中市榆次区,4030788.0
山西省晋中市榆社县,578592.56
山西省晋中市灵石县,1722067.4
山西省晋中市祁县,724939.8
山西省晋城市沁水县,2224661.2
山西省晋城市泽州县,3494362.5
山西省晋城市阳城县,2835346.0
山西省晋城市陵川县,980727.94
山西省晋城市高平市,2689464.8
山西省朔州市右玉县,883023.06
山西省朔州市山阴县,1636570.6
山西省朔州市平鲁区,2104297.0
山西省朔州市应县,1003197.1
山西省朔州市怀仁市,2050416.8
山西省朔州市朔城区,3489235.8
山西省运城市万荣县,982021.06
山西省运城市临猗县,1405885.4
山西省运城市垣曲县,781719.75
山西省运城市夏县,684818.0
山西省运城市平陆县,763694.75
山西省运城市新绛县,1010165.4
山西省运城市永济市,1350193.4
山西省运城市河津市,2002040.1
山西省运城市盐湖区,3463987.5
山西省运城市稷山县,804103.0
山西省运城市芮城县,1539797.4
山西省运城市闻喜县,1536075.2
山西省长治市上党区,2139367.2
山西省长治市壶关县,691010.0
山西省长治市屯留区,1376060.2
山西省长治市平顺县,494658.1
山西省长治市武乡县,981484.9
山西省长治市沁县,439038.94
山西省长治市沁源县,1516280.9
山西省长治市潞城区,1797413.4
山西省长治市襄垣县,2033990.2
山西省长治市长子县,2007453.2
山西省长治市黎城县,501895.22
山西省阳泉市平定县,1136616.6
山西省阳泉市盂县,1416284.9
山西省阳泉市矿区,2196358.0
山西省阳泉市郊区,1667816.5
广东省云浮市云安区,2137174.2
广东省云浮市新兴县,3350160.0
广东省云浮市罗定市,3036935.2
广东省云浮市郁南县,1735678.5
广东省佛山市三水区,14131624.0
广东省佛山市南海区,44949370.0
广东省佛山市禅城区,18660176.0
广东省佛山市顺德区,37149910.0
广东省佛山市高明区,9985360.0
广东省广州市从化区,6200071.5
广东省广州市增城区,12833148.0
广东省惠州市博罗县,6894612.0
广东省惠州市惠东县,5478448.5
广东省惠州市惠阳区,8778816.0
广东省惠州市龙门县,2004554.4
广东省揭阳市惠来县,4154577.8
广东省揭阳市揭东区,4509147.0
广东省揭阳市揭西县,2442767.0
广东省揭阳市普宁市,7145493.0
广东省梅州市丰顺县,1877974.6
广东省梅州市五华县,2699470.2
广东省梅州市兴宁市,1793982.0
广东省梅州市大埔县,1811326.8
广东省梅州市平远县,692819.44
广东省梅州市梅县区,2490145.0
广东省梅州市蕉岭县,1005019.75
广东省汕头市南澳县,504206.7
广东省汕头市潮阳区,5741635.5
广东省汕头市澄海区,5488932.0
广东省汕尾市海丰县,4482390.5
广东省汕尾市陆丰市,5396799.0
广东省汕尾市陆河县,1444487.1
广东省江门市台山市,4869451.0
广东省江门市开平市,4815866.5
广东省江门市恩平市,2474960.8
广东省江门市新会区,9600095.0
广东省江门市鹤山市,4841276.0
广东省河源市东源县,2276274.2
广东省河源市和平县,1397751.0
广东省河源市紫金县,2674557.8
广东省河源市连平县,991462.5
广东省河源市龙川县,1891153.9
广东省清远市佛冈县,1683760.5
广东省清远市清新区,2880596.8
广东省清远市英德市,3605230.5
广东省清远市连南瑶族自治县,596307.6
广东省清远市连山壮族瑶族自治县,620740.7
广东省清远市连州市,2474500.8
广东省清远市阳山县,2015828.1
广东省湛江市吴川市,4590482.0
广东省湛江市廉江市,4956076.5
广东省湛江市徐闻县,3259365.0
广东省湛江市遂溪县,5612777.5
广东省湛江市雷州市,4267681.5
广东省潮州市潮安区,6187005.0
广东省潮州市饶平县,3427875.2
广东省珠海市斗门区,7549141.5
广东省肇庆市四会市,7282070.5
广东省肇庆市封开县,2712778.0
广东省肇庆市广宁县,2438489.0
广东省肇庆市德庆县,2416342.5
广东省肇庆市怀集县,3076854.8
广东省肇庆市高要区,4483926.0
广东省茂名市信宜市,4851045.0
广东省茂名市化州市,5224115.5
广东省茂名市高州市,6257145.5
广东省阳江市阳东区,3046727.0
广东省阳江市阳春市,3789614.8
广东省阳江市阳西县,3158069.5
广东省韶关市乐昌市,1845270.1
广东省韶关市乳源瑶族自治县,1576070.9
广东省韶关市仁化县,1896102.8
广东省韶关市南雄市,1553283.6
广东省韶关市始兴县,1301177.6
广东省韶关市新丰县,1262600.0
广东省韶关市曲江区,3119952.5
广东省韶关市翁源县,1894288.6
广西壮族自治区北海市合浦县,3008035.2
广西壮族自治区北海市海城区,5194865.5
广西壮族自治区南宁市上林县,1203422.4
广西壮族自治区南宁市宾阳县,2641046.2
广西壮族自治区南宁市横县,3639816.8
广西壮族自治区南宁市武鸣区,3512659.5
广西壮族自治区南宁市邕宁区,1772861.5
广西壮族自治区南宁市隆安县,3604324.5
广西壮族自治区南宁市马山县,1035638.4
广西壮族自治区崇左市凭祥市,924937.1
广西壮族自治区崇左市大新县,1520286.6
广西壮族自治区崇左市天等县,847576.44
广西壮族自治区崇左市宁明县,1823758.2
广西壮族自治区崇左市扶绥县,2450500.0
广西壮族自治区崇左市江州区,2646205.5
广西壮族自治区崇左市龙州县,1815421.6
广西壮族自治区来宾市兴宾区,3518532.8
广西壮族自治区来宾市合山市,504660.56
广西壮族自治区来宾市忻城县,947616.7
广西壮族自治区来宾市武宣县,1896152.6
广西壮族自治区来宾市象州县,1474249.9
广西壮族自治区来宾市金秀瑶族自治县,659770.2
广西壮族自治区柳州市三江侗族自治县,1139114.4
广西壮族自治区柳州市城中区,5242752.0
广西壮族自治区柳州市柳城县,1817219.5
广西壮族自治区柳州市柳江区,2935795.8
广西壮族自治区柳州市融安县,1778083.6
广西壮族自治区柳州市融水苗族自治县,1496311.9
广西壮族自治区柳州市鹿寨县,2128855.2
广西壮族自治区桂林市临桂区,2814636.5
广西壮族自治区桂林市全州县,2082693.4
广西壮族自治区桂林市兴安县,1259699.4
广西壮族自治区桂林市平乐县,1158148.5
广西壮族自治区桂林市恭城瑶族自治县,1272156.5
广西壮族自治区桂林市永福县,1389240.1
广西壮族自治区桂林市灌阳县,750052.3
广西壮族自治区桂林市灵川县,1981817.8
广西壮族自治区桂林市荔浦市,1533874.8
广西壮族自治区桂林市象山区,1774057.4
广西壮族自治区桂林市资源县,782266.6
广西壮族自治区桂林市阳朔县,1660827.2
广西壮族自治区桂林市龙胜各族自治县,774757.1
广西壮族自治区梧州市万秀区,2018014.0
广西壮族自治区梧州市岑溪市,2590819.8
广西壮族自治区梧州市苍梧县,1048885.0
广西壮族自治区梧州市蒙山县,842534.25
广西壮族自治区梧州市藤县,3211169.0
广西壮族自治区河池市东兰县,579581.7
广西壮族自治区河池市凤山县,326888.84
广西壮族自治区河池市南丹县,1675208.8
广西壮族自治区河池市大化瑶族自治县,1020446.3
广西壮族自治区河池市天峨县,866807.7
广西壮族自治区河池市宜州区,1746058.5
广西壮族自治区河池市巴马瑶族自治县,1083934.2
广西壮族自治区河池市环江毛南族自治县,861720.9
广西壮族自治区河池市罗城仫佬族自治县,832069.0
广西壮族自治区河池市都安瑶族自治县,1262117.9
广西壮族自治区河池市金城江区,1641157.9
广西壮族自治区玉林市兴业县,1858657.4
广西壮族自治区玉林市北流市,3422642.0
广西壮族自治区玉林市博白县,3779303.2
广西壮族自治区玉林市容县,2142185.5
广西壮族自治区玉林市玉州区,4829492.0
广西壮族自治区玉林市福绵区,1013049.44
广西壮族自治区玉林市陆川县,2647809.5
广西壮族自治区百色市乐业县,801178.7
广西壮族自治区百色市凌云县,511859.22
广西壮族自治区百色市右江区,2968404.0
广西壮族自治区百色市德保县,1194392.1
广西壮族自治区百色市田东县,1659288.1
广西壮族自治区百色市田林县,683646.3
广西壮族自治区百色市西林县,606142.1
广西壮族自治区百色市那坡县,439478.38
广西壮族自治区百色市隆林各族自治县,1073776.9
广西壮族自治区百色市靖西市,1807870.4
广西壮族自治区贵港市平南县,3217701.2
广西壮族自治区贵港市桂平市,4233700.0
广西壮族自治区贵港市港北区,2852032.2
广西壮族自治区贵港市港南区,1373173.1
广西壮族自治区贵港市覃塘区,2120817.5
广西壮族自治区贺州市八步区,2452971.0
广西壮族自治区贺州市富川瑶族自治县,1126866.2
广西壮族自治区贺州市昭平县,1503950.2
广西壮族自治区贺州市钟山县,1554468.2
广西壮族自治区钦州市浦北县,2209181.0
广西壮族自治区钦州市灵山县,2990133.8
广西壮族自治区钦州市钦北区,2708006.5
广西壮族自治区钦州市钦南区,4550664.0
广西壮族自治区防城港市上思县,1184368.6
广西壮族自治区防城港市东兴市,977617.5
广西壮族自治区防城港市港口区,4894660.5
广西壮族自治区防城港市防城区,1534163.4
新疆维吾尔自治区乌鲁木齐市乌鲁木齐县,701006.44
新疆维吾尔自治区伊犁哈萨克自治州伊宁县,800640.25
新疆维吾尔自治区伊犁哈萨克自治州伊宁市,2972030.5
新疆维吾尔自治区伊犁哈萨克自治州奎屯市,1656294.1
新疆维吾尔自治区伊犁哈萨克自治州察布查尔锡伯自治县,654226.44
新疆维吾尔自治区伊犁哈萨克自治州尼勒克县,616968.75
新疆维吾尔自治区伊犁哈萨克自治州巩留县,546730.06
新疆维吾尔自治区伊犁哈萨克自治州新源县,1166104.0
新疆维吾尔自治区伊犁哈萨克自治州昭苏县,734914.56
新疆维吾尔自治区伊犁哈萨克自治州特克斯县,623595.25
新疆维吾尔自治区伊犁哈萨克自治州霍城县,712686.4
新疆维吾尔自治区克孜勒苏柯尔克孜自治州乌恰县,609651.44
新疆维吾尔自治区克孜勒苏柯尔克孜自治州阿克陶县,658507.94
新疆维吾尔自治区克孜勒苏柯尔克孜自治州阿合奇县,378290.97
新疆维吾尔自治区克孜勒苏柯尔克孜自治州阿图什市,781026.0
新疆维吾尔自治区博尔塔拉蒙古自治州博乐市,2320728.5
新疆维吾尔自治区博尔塔拉蒙古自治州温泉县,501459.97
新疆维吾尔自治区博尔塔拉蒙古自治州精河县,932231.6
新疆维吾尔自治区吐鲁番市托克逊县,1097125.4
新疆维吾尔自治区吐鲁番市鄯善县,1319427.9
新疆维吾尔自治区吐鲁番市高昌区,1179715.8
新疆维吾尔自治区和田地区于田县,435655.78
新疆维吾尔自治区和田地区和田县,574467.75
新疆维吾尔自治区和田地区和田市,1741572.8
新疆维吾尔自治区和田地区墨玉县,565437.3
新疆维吾尔自治区和田地区民丰县,356221.25
新疆维吾尔自治区和田地区洛浦县,612713.3
新疆维吾尔自治区和田地区皮山县,625732.2
新疆维吾尔自治区和田地区策勒县,492117.0
新疆维吾尔自治区哈密市伊吾县,926769.25
新疆维吾尔自治区哈密市伊州区,3508625.5
新疆维吾尔自治区哈密市巴里坤哈萨克自治县,769673.5
新疆维吾尔自治区喀什地区伽师县,1178910.0
新疆维吾尔自治区喀什地区叶城县,874019.06
新疆维吾尔自治区喀什地区喀什市,3260658.8
新疆维吾尔自治区喀什地区塔什库尔干塔吉克自治县,431492.4
新疆维吾尔自治区喀什地区岳普湖县,660874.94
新疆维吾尔自治区喀什地区巴楚县,806687.6
新疆维吾尔自治区喀什地区泽普县,620427.3
新疆维吾尔自治区喀什地区疏勒县,896401.44
新疆维吾尔自治区喀什地区疏附县,553420.4
新疆维吾尔自治区喀什地区英吉沙县,864735.3
新疆维吾尔自治区喀什地区莎车县,1620365.4
新疆维吾尔自治区喀什地区麦盖提县,784230.06
新疆维吾尔自治区塔城地区乌苏市,2035078.9
新疆维吾尔自治区塔城地区和布克赛尔蒙古自治县,620159.6
新疆维吾尔自治区塔城地区塔城市,1332728.1
新疆维吾尔自治区塔城地区托里县,507233.66
新疆维吾尔自治区塔城地区沙湾县,1892809.4
新疆维吾尔自治区塔城地区裕民县,313567.8
新疆维吾尔自治区塔城地区额敏县,926889.94
新疆维吾尔自治区巴音郭楞蒙古自治州且末县,954546.44
新疆维吾尔自治区巴音郭楞蒙古自治州博湖县,470393.34
新疆维吾尔自治区巴音郭楞蒙古自治州和硕县,719597.06
新疆维吾尔自治区巴音郭楞蒙古自治州和静县,1017315.7
新疆维吾尔自治区巴音郭楞蒙古自治州尉犁县,751255.06
新疆维吾尔自治区巴音郭楞蒙古自治州库尔勒市,6168240.5
新疆维吾尔自治区巴音郭楞蒙古自治州焉耆回族自治县,536317.3
新疆维吾尔自治区巴音郭楞蒙古自治州若羌县,1237321.6
新疆维吾尔自治区巴音郭楞蒙古自治州轮台县,925077.44
新疆维吾尔自治区昌吉回族自治州吉木萨尔县,2984428.5
新疆维吾尔自治区昌吉回族自治州呼图壁县,1703405.5
新疆维吾尔自治区昌吉回族自治州奇台县,1332633.1
新疆维吾尔自治区昌吉回族自治州昌吉市,3775889.2
新疆维吾尔自治区昌吉回族自治州木垒哈萨克自治县,775876.25
新疆维吾尔自治区昌吉回族自治州玛纳斯县,1758460.1
新疆维吾尔自治区昌吉回族自治州阜康市,2026416.9
新疆维吾尔自治区阿克苏地区乌什县,613864.25
新疆维吾尔自治区阿克苏地区拜城县,1200308.8
新疆维吾尔自治区阿克苏地区新和县,1099589.2
新疆维吾尔自治区阿克苏地区柯坪县,462208.0
新疆维吾尔自治区阿克苏地区沙雅县,892299.75
新疆维吾尔自治区阿克苏地区温宿县,1234412.4
新疆维吾尔自治区阿克苏地区阿克苏市,1289890.2
新疆维吾尔自治区阿克苏地区阿瓦提县,804752.5
新疆维吾尔自治区阿勒泰地区吉木乃县,856758.56
新疆维吾尔自治区阿勒泰地区哈巴河县,995951.0
新疆维吾尔自治区阿勒泰地区富蕴县,688018.5
新疆维吾尔自治区阿勒泰地区布尔津县,725115.7
新疆维吾尔自治区阿勒泰地区福海县,603174.5
新疆维吾尔自治区阿勒泰地区阿勒泰市,1079451.6
新疆维吾尔自治区阿勒泰地区青河县,547760.6
江苏省南京市六合区,18397894.0
江苏省南京市江宁区,25240588.0
江苏省南京市浦口区,15807828.0
江苏省南京市溧水区,10881118.0
江苏省南京市高淳区,5719250.0
江苏省南京市鼓楼区,15887042.0
江苏省南通市启东市,12057038.0
江苏省南通市如东县,10423209.0
江苏省南通市如皋市,13240311.0
江苏省南通市海安市,11325661.0
江苏省南通市海门市,13672037.0
江苏省南通市通州区,15019802.0
江苏省宿迁市宿豫区,4359947.0
江苏省宿迁市沭阳县,9159102.0
江苏省宿迁市泗洪县,4818659.0
江苏省宿迁市泗阳县,5852832.5
江苏省常州市新北区,20245030.0
江苏省常州市武进区,25658312.0
江苏省常州市溧阳市,11250466.0
江苏省常州市金坛区,10228420.0
江苏省徐州市丰县,5216509.0
江苏省徐州市新沂市,8894770.0
江苏省徐州市沛县,8208237.5
江苏省徐州市睢宁县,7052990.5
江苏省徐州市邳州市,10281612.0
江苏省徐州市铜山区,12026176.0
江苏省扬州市仪征市,8610768.0
江苏省扬州市宝应县,7037610.0
江苏省扬州市江都区,10074922.0
江苏省扬州市邗江区,17156212.0
江苏省扬州市高邮市,7952317.5
江苏省无锡市宜兴市,18441086.0
江苏省无锡市江阴市,39106224.0
江苏省无锡市滨湖区,11919246.0
江苏省无锡市锡山区,12378834.0
江苏省泰州市兴化市,8891123.0
江苏省泰州市姜堰区,7640263.0
江苏省泰州市泰兴市,11318651.0
江苏省泰州市靖江市,10021998.0
江苏省淮安市洪泽区,3701934.0
江苏省淮安市涟水县,5374565.5
江苏省淮安市淮安区,6628242.5
江苏省淮安市淮阴区,6140643.0
江苏省淮安市盱眙县,4417283.0
江苏省淮安市金湖县,4179271.0
江苏省盐城市东台市,9289544.0
江苏省盐城市亭湖区,13149362.0
江苏省盐城市响水县,6024158.0
江苏省盐城市大丰区,7041587.0
江苏省盐城市射阳县,6870354.5
江苏省盐城市建湖县,5461281.5
江苏省盐城市滨海县,7281584.0
江苏省盐城市盐都区,6002609.5
江苏省盐城市阜宁县,5648514.0
江苏省苏州市吴中区,19640540.0
江苏省苏州市吴江区,20237862.0
江苏省苏州市太仓市,21736092.0
江苏省苏州市常熟市,23852028.0
江苏省苏州市张家港市,28000040.0
江苏省苏州市昆山市,46929340.0
江苏省连云港市东海县,7096941.5
江苏省连云港市灌云县,4469678.5
江苏省连云港市灌南县,4212085.0
江苏省连云港市赣榆区,6238461.0
江苏省镇江市丹徒区,5578128.0
江苏省镇江市丹阳市,11565666.0
江苏省镇江市句容市,6918111.0
江苏省镇江市扬中市,4705292.5
江西省上饶市万年县,2124874.8
江西省上饶市余干县,2873066.2
江西省上饶市婺源县,2458842.8
江西省上饶市广丰区,3714621.5
江西省上饶市弋阳县,2194564.0
江西省上饶市德兴市,2455665.8
江西省上饶市横峰县,1155184.6
江西省上饶市玉山县,2796598.0
江西省上饶市鄱阳县,5722002.0
江西省上饶市铅山县,2350841.0
江西省九江市修水县,2514243.2
江西省九江市庐山市,1888733.4
江西省九江市彭泽县,2817008.0
江西省九江市德安县,1743496.9
江西省九江市柴桑区,3095267.8
江西省九江市武宁县,2803539.8
江西省九江市永修县,2881412.2
江西省九江市湖口县,2032139.4
江西省九江市濂溪区,4642459.5
江西省九江市瑞昌市,2854127.5
江西省九江市都昌县,2786371.5
江西省南昌市南昌县,13568065.0
江西省南昌市安义县,1741733.4
江西省南昌市新建区,8039943.0
江西省南昌市进贤县,3154937.5
江西省南昌市青山湖区,6915454.5
江西省吉安市万安县,1395658.4
江西省吉安市井冈山市,1055903.9
江西省吉安市吉安县,2636189.2
江西省吉安市吉水县,1723492.0
江西省吉安市安福县,2071950.8
江西省吉安市峡江县,1097544.9
江西省吉安市新干县,1662514.9
江西省吉安市永丰县,2069645.5
江西省吉安市永新县,1377116.8
江西省吉安市泰和县,2820065.2
江西省吉安市遂川县,2113934.8
江西省宜春市万载县,2288802.2
江西省宜春市上高县,2825021.2
江西省宜春市丰城市,5525508.5
江西省宜春市奉新县,2196983.5
江西省宜春市宜丰县,2533830.0
江西省宜春市樟树市,3995022.5
江西省宜春市铜鼓县,1427096.4
江西省宜春市靖安县,1320860.4
江西省宜春市高安市,6205439.5
江西省抚州市东乡区,3040399.5
江西省抚州市乐安县,1824054.1
江西省抚州市南丰县,1728027.1
江西省抚州市南城县,2090425.2
江西省抚州市宜黄县,1504268.0
江西省抚州市崇仁县,2335646.2
江西省抚州市广昌县,1408819.2
江西省抚州市资溪县,1349290.4
江西省抚州市金溪县,1759115.4
江西省抚州市黎川县,1526006.5
江西省新余市分宜县,2112587.0
江西省景德镇市乐平市,4401944.0
江西省景德镇市浮梁县,3810699.0
江西省萍乡市上栗县,2126059.8
江西省萍乡市芦溪县,1250060.5
江西省萍乡市莲花县,860916.75
江西省赣州市上犹县,1850811.5
江西省赣州市于都县,3450593.8
江西省赣州市会昌县,2110517.2
江西省赣州市信丰县,3342317.2
江西省赣州市全南县,1144696.6
江西省赣州市兴国县,2929473.2
江西省赣州市南康区,5352246.0
江西省赣州市大余县,1335432.2
江西省赣州市宁都县,3031375.2
江西省赣州市安远县,1805843.5
江西省赣州市定南县,1612047.1
江西省赣州市寻乌县,1320725.9
江西省赣州市崇义县,1161162.9
江西省赣州市瑞金市,2972043.8
江西省赣州市石城县,1504994.2
江西省赣州市赣县区,2830262.8
江西省赣州市龙南县,2374880.5
江西省鹰潭市余江区,1758882.8
江西省鹰潭市贵溪市,5359576.0
河北省保定市博野县,615536.9
河北省保定市安国市,1792742.2
河北省保定市安新县,1838943.5
河北省保定市定兴县,1394299.5
河北省保定市定州市,3094885.5
河北省保定市容城县,3425201.8
河北省保定市徐水区,3499336.2
河北省保定市易县,1358493.2
河北省保定市曲阳县,1150744.5
河北省保定市望都县,644829.4
河北省保定市涞水县,757552.25
河北省保定市涞源县,1114481.8
河北省保定市涿州市,2502217.8
河北省保定市清苑区,2086239.1
河北省保定市满城区,1184738.9
河北省保定市蠡县,1112756.4
河北省保定市阜平县,658875.8
河北省保定市雄县,1555052.8
河北省保定市顺平县,752011.4
河北省保定市高碑店市,2904123.2
河北省保定市高阳县,1246333.0
河北省唐山市丰南区,6890323.0
河北省唐山市丰润区,8467091.0
河北省唐山市乐亭县,5461795.5
河北省唐山市曹妃甸区,6192220.5
河北省唐山市滦南县,3450825.8
河北省唐山市滦州市,5181912.5
河北省唐山市玉田县,4254385.0
河北省唐山市迁安市,9684055.0
河北省唐山市迁西县,3546432.0
河北省唐山市遵化市,4301688.5
河北省廊坊市三河市,5704765.0
河北省廊坊市固安县,2494121.5
河北省廊坊市大厂回族自治县,1527129.1
河北省廊坊市大城县,1582967.6
河北省廊坊市文安县,2518039.5
河北省廊坊市永清县,2403237.0
河北省廊坊市霸州市,4576380.0
河北省廊坊市香河县,2438379.2
河北省张家口市万全区,716219.3
河北省张家口市尚义县,567614.75
河北省张家口市崇礼区,1269287.6
河北省张家口市康保县,661525.06
河北省张家口市张北县,1797389.4
河北省张家口市怀安县,554264.06
河北省张家口市怀来县,1828881.5
河北省张家口市沽源县,957414.8
河北省张家口市涿鹿县,1071789.8
河北省张家口市蔚县,964879.1
河北省张家口市赤城县,690045.6
河北省张家口市阳原县,477232.7
河北省承德市丰宁满族自治县,1375345.8
河北省承德市兴隆县,1163366.9
河北省承德市围场满族蒙古族自治县,1288338.9
河北省承德市宽城满族自治县,1719540.6
河北省承德市平泉市,1561483.0
河北省承德市承德县,1546113.4
河北省承德市滦平县,1430876.9
河北省承德市隆化县,1670849.5
河北省沧州市东光县,1366727.5
河北省沧州市任丘市,5787164.5
河北省沧州市南皮县,1201490.2
河北省沧州市吴桥县,778621.6
河北省沧州市孟村回族自治县,756650.3
河北省沧州市沧县,2966871.0
河北省沧州市河间市,2537539.8
河北省沧州市泊头市,2228439.0
河北省沧州市海兴县,645159.44
河北省沧州市献县,1750139.0
河北省沧州市盐山县,1057591.9
河北省沧州市肃宁县,1342403.5
河北省沧州市青县,1984269.1
河北省沧州市黄骅市,3276799.5
河北省石家庄市井陉县,1165638.8
河北省石家庄市元氏县,1911621.1
河北省石家庄市平山县,2341288.2
河北省石家庄市新乐市,2085220.2
河北省石家庄市无极县,1330912.0
河北省石家庄市晋州市,2386913.5
河北省石家庄市栾城区,1460454.0
河北省石家庄市桥西区,3646908.5
河北省石家庄市正定县,2112226.2
河北省石家庄市深泽县,854081.44
河北省石家庄市灵寿县,1286863.8
河北省石家庄市藁城区,4360083.5
河北省石家庄市赞皇县,652660.25
河北省石家庄市赵县,1593008.6
河北省石家庄市辛集市,3935529.0
河北省石家庄市高邑县,488838.8
河北省石家庄市鹿泉区,2749932.2
河北省秦皇岛市卢龙县,1315771.5
河北省秦皇岛市抚宁区,2012327.1
河北省秦皇岛市昌黎县,3662990.5
河北省秦皇岛市青龙满族自治县,1803697.0
河北省衡水市冀州区,925199.2
河北省衡水市安平县,1116598.4
河北省衡水市故城县,1385822.8
河北省衡水市景县,1526498.6
河北省衡水市枣强县,908646.5
河北省衡水市武强县,683835.75
河北省衡水市武邑县,886074.3
河北省衡水市深州市,1764785.8
河北省衡水市阜城县,863817.4
河北省衡水市饶阳县,935236.3
河北省邢台市临城县,789835.75
河北省邢台市临西县,765156.0
河北省邢台市任县,838853.1
河北省邢台市内丘县,657795.3
河北省邢台市南和县,1045900.56
河北省邢台市南宫市,1836598.2
河北省邢台市威县,1218040.5
河北省邢台市宁晋县,2349993.0
河北省邢台市巨鹿县,993571.7
河北省邢台市平乡县,1187184.2
河北省邢台市广宗县,716457.75
河北省邢台市新河县,512473.97
河北省邢台市柏乡县,296309.53
河北省邢台市沙河市,1923294.8
河北省邢台市清河县,1214685.5
河北省邢台市隆尧县,1125161.4
河北省邯郸市临漳县,1542413.9
河北省邯郸市大名县,1521940.6
河北省邯郸市广平县,720706.75
河北省邯郸市成安县,1450612.5
河北省邯郸市曲周县,1264488.2
河北省邯郸市武安市,5922023.5
河北省邯郸市永年区,2279556.8
河北省邯郸市涉县,2013299.2
河北省邯郸市磁县,1326191.0
河北省邯郸市肥乡区,1322375.5
河北省邯郸市邱县,772527.94
河北省邯郸市馆陶县,962799.2
河北省邯郸市魏县,1981473.4
河北省邯郸市鸡泽县,993408.44
河南省三门峡市义马市,1337893.0
河南省三门峡市卢氏县,2225509.8
河南省三门峡市渑池县,2931847.8
河南省三门峡市灵宝市,4337161.5
河南省三门峡市陕州区,3120018.5
河南省信阳市光山县,2858583.0
河南省信阳市商城县,2396106.0
河南省信阳市固始县,5907575.5
河南省信阳市息县,2713289.8
河南省信阳市新县,1798108.1
河南省信阳市淮滨县,2473155.2
河南省信阳市潢川县,3194332.2
河南省信阳市罗山县,2497354.2
河南省南阳市内乡县,3650187.5
河南省南阳市南召县,2468127.2
河南省南阳市唐河县,4341755.0
河南省南阳市新野县,2812028.5
河南省南阳市方城县,3515093.0
河南省南阳市桐柏县,2857380.2
河南省南阳市淅川县,2646660.5
河南省南阳市社旗县,2619254.2
河南省南阳市西峡县,2914696.0
河南省南阳市邓州市,5037152.5
河南省南阳市镇平县,3564629.0
河南省周口市商水县,3700250.2
河南省周口市太康县,3629831.5
河南省周口市扶沟县,2763161.0
河南省周口市沈丘县,3376322.8
河南省周口市西华县,3056106.8
河南省周口市郸城县,3936293.5
河南省周口市项城市,3424352.8
河南省周口市鹿邑县,4099958.5
河南省商丘市夏邑县,4518047.0
河南省商丘市宁陵县,2629162.5
河南省商丘市柘城县,3155102.5
河南省商丘市民权县,3207815.0
河南省商丘市永城市,5415557.5
河南省商丘市睢县,2442279.2
河南省商丘市虞城县,4539418.0
河南省安阳市内黄县,2044045.4
河南省安阳市安阳县,1484817.4
河南省安阳市林州市,5056747.5
河南省安阳市汤阴县,1604436.8
河南省安阳市滑县,3380263.0
河南省平顶山市叶县,3189882.5
河南省平顶山市宝丰县,3528836.0
河南省平顶山市汝州市,4896726.0
河南省平顶山市舞钢市,1710967.9
河南省平顶山市郏县,2655721.0
河南省平顶山市鲁山县,2961994.5
河南省开封市兰考县,3326476.5
河南省开封市尉氏县,3991827.2
河南省开封市杞县,3572088.2
河南省开封市祥符区,2856012.5
河南省开封市禹王台区,955396.25
河南省开封市通许县,2491735.5
河南省新乡市凤泉区,898726.3
河南省新乡市卫滨区,1357772.0
河南省新乡市卫辉市,2020873.6
河南省新乡市原阳县,2952292.5
河南省新乡市封丘县,2247294.0
河南省新乡市延津县,2059845.9
河南省新乡市新乡县,2290617.0
河南省新乡市牧野区,2074812.6
河南省新乡市获嘉县,1647644.9
河南省新乡市辉县市,3710404.8
河南省洛阳市伊川县,4031269.5
河南省洛阳市偃师市,4559868.0
河南省洛阳市孟津县,3803863.0
河南省洛阳市宜阳县,3866715.2
河南省洛阳市嵩县,2929010.8
河南省洛阳市新安县,4512862.0
河南省洛阳市栾川县,2502095.2
河南省洛阳市汝阳县,2329575.0
河南省洛阳市洛宁县,2636719.5
河南省洛阳市洛龙区,7365144.0
河南省漯河市临颍县,3040604.8
河南省漯河市舞阳县,2380524.0
河南省漯河市郾城区,2992886.0
河南省濮阳市华龙区,5650549.5
河南省濮阳市南乐县,1751306.0
河南省濮阳市台前县,1354013.8
河南省濮阳市清丰县,2226862.0
河南省濮阳市濮阳县,4177052.5
河南省濮阳市范县,1671433.5
河南省焦作市修武县,2801465.0
河南省焦作市博爱县,2485335.0
河南省焦作市孟州市,3046223.2
河南省焦作市武陟县,3955793.5
河南省焦作市沁阳市,3538609.2
河南省焦作市温县,2933209.0
河南省许昌市建安区,5020703.5
河南省许昌市禹州市,6694989.5
河南省许昌市襄城县,4547705.0
河南省许昌市鄢陵县,3616008.8
河南省许昌市长葛市,6102774.0
河南省郑州市中牟县,7067302.0
河南省郑州市巩义市,7737871.5
河南省郑州市惠济区,3635304.5
河南省郑州市新密市,7330291.0
河南省郑州市新郑市,12897982.0
河南省郑州市登封市,5641932.5
河南省郑州市荥阳市,6403860.5
河南省驻马店市上蔡县,3345206.2
河南省驻马店市平舆县,3119392.8
河南省驻马店市新蔡县,3335139.2
河南省驻马店市正阳县,3051289.8
河南省驻马店市汝南县,3235509.8
河南省驻马店市泌阳县,3508554.2
河南省驻马店市确山县,2685564.2
河南省驻马店市西平县,2653741.5
河南省驻马店市遂平县,2742585.5
河南省鹤壁市浚县,2305749.0
河南省鹤壁市淇县,2185128.5
河南省鹤壁市淇滨区,2465403.2
浙江省丽水市云和县,1596382.0
浙江省丽水市庆元县,971487.2
浙江省丽水市景宁畲族自治县,1536700.9
浙江省丽水市松阳县,2038440.2
浙江省丽水市缙云县,3457345.5
浙江省丽水市莲都区,6570415.0
浙江省丽水市遂昌县,2685497.0
浙江省丽水市青田县,3333744.5
浙江省丽水市龙泉市,3039108.2
浙江省台州市三门县,2450873.5
浙江省台州市临海市,8120877.0
浙江省台州市仙居县,3293554.2
浙江省台州市天台县,3132257.5
浙江省台州市椒江区,7539509.5
浙江省台州市温岭市,12351634.0
浙江省台州市玉环市,6830681.5
浙江省台州市路桥区,7266039.5
浙江省台州市黄岩区,5765823.0
浙江省嘉兴市南湖区,10057095.0
浙江省嘉兴市嘉善县,6936698.0
浙江省嘉兴市平湖市,9425883.0
浙江省嘉兴市桐乡市,11056745.0
浙江省嘉兴市海宁市,12190194.0
浙江省嘉兴市海盐县,7175722.5
浙江省嘉兴市秀洲区,8135447.5
浙江省宁波市余姚市,13482056.0
浙江省宁波市北仑区,21351716.0
浙江省宁波市奉化区,8055440.5
浙江省宁波市宁海县,6945701.0
浙江省宁波市慈溪市,18009924.0
浙江省宁波市江北区,7689560.5
浙江省宁波市海曙区,11574499.0
浙江省宁波市象山县,6787980.0
浙江省宁波市鄞州区,22279970.0
浙江省宁波市镇海区,11818826.0
浙江省杭州市临安区,7219835.0
浙江省杭州市余杭区,26363162.0
浙江省杭州市富阳区,9612777.0
浙江省杭州市建德市,5452400.0
浙江省杭州市桐庐县,5080981.5
浙江省杭州市淳安县,3420434.5
浙江省杭州市萧山区,32825370.0
浙江省温州市乐清市,13565328.0
浙江省温州市平阳县,6986206.5
浙江省温州市文成县,1782933.9
浙江省温州市永嘉县,6193338.5
浙江省温州市泰顺县,2555287.0
浙江省温州市洞头区,2263260.8
浙江省温州市瑞安市,12310707.0
浙江省温州市瓯海区,8957742.0
浙江省温州市苍南县,6193566.5
浙江省温州市鹿城区,11318437.0
浙江省温州市龙湾区,8117219.5
浙江省湖州市南浔区,6633996.5
浙江省湖州市吴兴区,11207496.0
浙江省湖州市安吉县,7018171.5
浙江省湖州市德清县,7369691.0
浙江省湖州市长兴县,8186092.5
浙江省绍兴市上虞区,11126903.0
浙江省绍兴市嵊州市,7384788.5
浙江省绍兴市新昌县,4600299.5
浙江省绍兴市柯桥区,15370329.0
浙江省绍兴市诸暨市,12764488.0
浙江省绍兴市越城区,10811755.0
浙江省舟山市定海区,7092749.0
浙江省舟山市岱山县,7032324.0
浙江省舟山市嵊泗县,2554093.5
浙江省舟山市普陀区,4163323.5
浙江省衢州市常山县,2258513.0
浙江省衢州市开化县,1859659.1
浙江省衢州市柯城区,4761543.0
浙江省衢州市江山市,3562188.0
浙江省衢州市衢江区,3037299.0
浙江省衢州市龙游县,2884054.0
浙江省金华市东阳市,9007071.0
浙江省金华市义乌市,18390502.0
浙江省金华市兰溪市,3544917.2
浙江省金华市婺城区,7408698.5
浙江省金华市武义县,3103367.8
浙江省金华市永康市,7118548.0
浙江省金华市浦江县,3688368.2
浙江省金华市磐安县,1648982.5
浙江省金华市金东区,3875701.5
湖北省十堰市丹江口市,3124964.0
湖北省十堰市房县,2558243.0
湖北省十堰市竹山县,1401846.5
湖北省十堰市竹溪县,1114031.9
湖北省十堰市郧西县,1647678.4
湖北省十堰市郧阳区,2379668.5
湖北省咸宁市咸安区,4064235.5
湖北省咸宁市嘉鱼县,2991112.0
湖北省咸宁市崇阳县,1549422.9
湖北省咸宁市赤壁市,4905498.0
湖北省咸宁市通城县,2060416.9
湖北省咸宁市通山县,1709281.0
湖北省孝感市云梦县,2446359.8
湖北省孝感市大悟县,2034368.4
湖北省孝感市孝南区,4424776.0
湖北省孝感市孝昌县,1883993.6
湖北省孝感市安陆市,3129595.0
湖北省孝感市应城市,3705137.8
湖北省孝感市汉川市,5272546.5
湖北省宜昌市五峰土家族自治县,1353765.9
湖北省宜昌市兴山县,1889171.6
湖北省宜昌市夷陵区,6100331.5
湖北省宜昌市宜都市,5788604.0
湖北省宜昌市当阳市,5126691.5
湖北省宜昌市枝江市,5940852.0
湖北省宜昌市秭归县,2158177.2
湖北省宜昌市远安县,2834704.5
湖北省宜昌市长阳土家族自治县,2624786.2
湖北省恩施土家族苗族自治州利川市,3035186.5
湖北省恩施土家族苗族自治州咸丰县,1523399.0
湖北省恩施土家族苗族自治州宣恩县,1458658.8
湖北省恩施土家族苗族自治州巴东县,2791980.8
湖北省恩施土家族苗族自治州建始县,2006104.5
湖北省恩施土家族苗族自治州恩施市,5851781.5
湖北省恩施土家族苗族自治州来凤县,1255755.9
湖北省恩施土家族苗族自治州鹤峰县,1327627.9
湖北省荆州市公安县,4131145.8
湖北省荆州市松滋市,3655019.8
湖北省荆州市江陵县,1787808.1
湖北省荆州市洪湖市,3867482.8
湖北省荆州市监利县,3544972.5
湖北省荆州市石首市,2554493.2
湖北省荆州市荆州区,5138970.5
湖北省荆门市东宝区,4679610.5
湖北省荆门市京山市,4696345.0
湖北省荆门市沙洋县,3885583.0
湖北省荆门市钟祥市,5046874.0
湖北省襄阳市保康县,2012986.6
湖北省襄阳市南漳县,4116706.8
湖北省襄阳市宜城市,3950417.8
湖北省襄阳市枣阳市,6757522.5
湖北省襄阳市老河口市,3448426.0
湖北省襄阳市襄州区,8277321.5
湖北省襄阳市谷城县,3730379.0
湖北省鄂州市华容区,4418785.0
湖北省鄂州市梁子湖区,1640237.8
湖北省鄂州市鄂城区,6119237.5
湖北省随州市广水市,3903133.0
湖北省随州市曾都区,5392226.0
湖北省黄冈市团风县,1988197.1
湖北省黄冈市武穴市,3142397.2
湖北省黄冈市浠水县,3416146.5
湖北省黄冈市红安县,2723806.5
湖北省黄冈市罗田县,2490770.0
湖北省黄冈市英山县,1625402.8
湖北省黄冈市蕲春县,2784466.2
湖北省黄冈市麻城市,5029973.0
湖北省黄冈市黄州区,4684097.0
湖北省黄冈市黄梅县,3005522.2
湖北省黄石市大冶市,6053256.5
湖北省黄石市阳新县,4747475.0
湖南省娄底市冷水江市,2196845.8
湖南省娄底市双峰县,2658130.8
湖南省娄底市娄星区,5727732.0
湖南省娄底市新化县,3806169.8
湖南省娄底市涟源市,3347513.5
湖南省岳阳市临湘市,3510010.0
湖南省岳阳市云溪区,3873075.5
湖南省岳阳市华容县,3043092.5
湖南省岳阳市君山区,1759446.4
湖南省岳阳市岳阳县,4140157.0
湖南省岳阳市岳阳楼区,11293394.0
湖南省岳阳市平江县,4591287.5
湖南省岳阳市汨罗市,4569338.0
湖南省岳阳市湘阴县,4063496.2
湖南省常德市临澧县,3047821.0
湖南省常德市安乡县,2374463.2
湖南省常德市桃源县,4476152.0
湖南省常德市武陵区,12506418.0
湖南省常德市汉寿县,3407096.2
湖南省常德市津市市,2294817.5
湖南省常德市澧县,4291754.5
湖南省常德市石门县,3585721.5
湖南省常德市鼎城区,4996273.0
湖南省张家界市慈利县,2977105.2
湖南省张家界市桑植县,1645608.4
湖南省张家界市武陵源区,669033.94
湖南省张家界市永定区,3208619.5
湖南省怀化市中方县,1215337.6
湖南省怀化市会同县,1156805.4
湖南省怀化市新晃侗族自治县,745787.4
湖南省怀化市沅陵县,2593444.2
湖南省怀化市洪江市,1408328.1
湖南省怀化市溆浦县,2602420.8
湖南省怀化市芷江侗族自治县,1323451.4
湖南省怀化市辰溪县,1129396.4
湖南省怀化市通道侗族自治县,737946.75
湖南省怀化市靖州苗族侗族自治县,938306.0
湖南省怀化市鹤城区,3804589.2
湖南省怀化市麻阳苗族自治县,1335673.4
湖南省株洲市天元区,4490300.0
湖南省株洲市攸县,3893380.5
湖南省株洲市渌口区,2109859.0
湖南省株洲市炎陵县,1587333.4
湖南省株洲市石峰区,4655702.5
湖南省株洲市芦淞区,3639403.8
湖南省株洲市茶陵县,2797361.5
湖南省株洲市荷塘区,2714535.5
湖南省株洲市醴陵市,5789655.5
湖南省永州市东安县,2243020.2
湖南省永州市冷水滩区,3682833.5
湖南省永州市双牌县,1256009.9
湖南省永州市宁远县,2759476.5
湖南省永州市新田县,1178459.5
湖南省永州市江华瑶族自治县,2164701.2
湖南省永州市江永县,1061800.0
湖南省永州市祁阳县,2993643.5
湖南省永州市蓝山县,1923627.5
湖南省永州市道县,2035733.8
湖南省永州市零陵区,2986414.8
湖南省湘潭市岳塘区,6122591.5
湖南省湘潭市湘乡市,4682330.0
湖南省湘潭市湘潭县,5098902.5
湖南省湘潭市雨湖区,6456874.5
湖南省湘潭市韶山市,1044145.94
湖南省湘西土家族苗族自治州保靖县,993851.94
湖南省湘西土家族苗族自治州凤凰县,1377869.6
湖南省湘西土家族苗族自治州古丈县,692627.8
湖南省湘西土家族苗族自治州吉首市,2426447.8
湖南省湘西土家族苗族自治州永顺县,1743838.9
湖南省湘西土家族苗族自治州泸溪县,806262.3
湖南省湘西土家族苗族自治州花垣县,1073713.1
湖南省湘西土家族苗族自治州龙山县,2545014.2
湖南省益阳市安化县,2889633.8
湖南省益阳市桃江县,3156946.5
湖南省益阳市沅江市,3227469.0
湖南省益阳市资阳区,2328276.0
湖南省益阳市赫山区,5647789.5
湖南省衡阳市南岳区,800409.06
湖南省衡阳市常宁市,3445335.8
湖南省衡阳市珠晖区,2518887.5
湖南省衡阳市石鼓区,2127881.8
湖南省衡阳市祁东县,2863661.5
湖南省衡阳市耒阳市,4099291.8
湖南省衡阳市蒸湘区,3523690.8
湖南省衡阳市衡东县,3018757.2
湖南省衡阳市衡山县,1927479.6
湖南省衡阳市衡阳县,3644232.2
湖南省衡阳市雁峰区,2228344.0
湖南省邵阳市北塔区,800433.7
湖南省邵阳市双清区,2005232.1
湖南省邵阳市城步苗族自治县,1464842.1
湖南省邵阳市大祥区,1975472.6
湖南省邵阳市新宁县,1815148.0
湖南省邵阳市新邵县,2260568.0
湖南省邵阳市武冈市,1976721.8
湖南省邵阳市洞口县,1932498.1
湖南省邵阳市绥宁县,1108087.2
湖南省邵阳市邵阳县,1981050.4
湖南省邵阳市隆回县,2917745.8
湖南省郴州市临武县,1656805.8
湖南省郴州市北湖区,3709661.0
湖南省郴州市嘉禾县,1690376.1
湖南省郴州市安仁县,1601596.0
湖南省郴州市宜章县,2509687.0
湖南省郴州市桂东县,440448.62
湖南省郴州市桂阳县,3517960.5
湖南省郴州市永兴县,2712836.2
湖南省郴州市汝城县,1835025.6
湖南省郴州市苏仙区,3432516.5
湖南省郴州市资兴市,3218126.2
湖南省长沙市天心区,11570804.0
湖南省长沙市宁乡市,11144913.0
湖南省长沙市岳麓区,12643961.0
湖南省长沙市开福区,10605410.0
湖南省长沙市望城区,10520851.0
湖南省长沙市浏阳市,13867814.0
湖南省长沙市芙蓉区,12439715.0
湖南省长沙市长沙县,17189722.0
湖南省长沙市雨花区,20472526.0
甘肃省临夏回族自治州东乡族自治县,508399.97
甘肃省临夏回族自治州临夏县,920643.7
甘肃省临夏回族自治州临夏市,1720056.5
甘肃省临夏回族自治州和政县,494072.44
甘肃省临夏回族自治州广河县,756584.7
甘肃省临夏回族自治州康乐县,419765.03
甘肃省临夏回族自治州永靖县,870735.8
甘肃省临夏回族自治州积石山保安族东乡族撒拉族自治县,741943.9
甘肃省兰州市七里河区,4778046.0
甘肃省兰州市城关区,9987020.0
甘肃省兰州市安宁区,2400583.8
甘肃省兰州市榆中县,1672430.1
甘肃省兰州市永登县,1630380.8
甘肃省兰州市皋兰县,1079200.2
甘肃省兰州市红古区,1199368.6
甘肃省兰州市西固区,4029658.2
甘肃省天水市张家川回族自治县,655807.6
甘肃省天水市武山县,876181.0
甘肃省天水市清水县,861979.44
甘肃省天水市甘谷县,1634338.0
甘肃省天水市秦安县,886643.7
甘肃省天水市秦州区,1984084.5
甘肃省天水市麦积区,2021269.1
甘肃省定西市临洮县,818924.25
甘肃省定西市安定区,1148181.8
甘肃省定西市岷县,1024797.2
甘肃省定西市渭源县,670342.5
甘肃省定西市漳县,576736.44
甘肃省定西市通渭县,538090.06
甘肃省定西市陇西县,1130637.6
甘肃省平凉市华亭市,1168868.2
甘肃省平凉市崆峒区,1603028.5
甘肃省平凉市崇信县,492421.88
甘肃省平凉市庄浪县,791845.25
甘肃省平凉市泾川县,528053.06
甘肃省平凉市灵台县,408885.88
甘肃省平凉市静宁县,1153939.0
甘肃省庆阳市华池县,988843.8
甘肃省庆阳市合水县,447202.53
甘肃省庆阳市庆城县,752479.2
甘肃省庆阳市正宁县,282498.5
甘肃省庆阳市环县,986200.75
甘肃省庆阳市西峰区,2778394.2
甘肃省庆阳市镇原县,818099.75
甘肃省张掖市临泽县,605807.44
甘肃省张掖市山丹县,883737.7
甘肃省张掖市民乐县,912579.4
甘肃省张掖市甘州区,2139164.2
甘肃省张掖市肃南裕固族自治县,601709.2
甘肃省张掖市高台县,703830.56
甘肃省武威市凉州区,2998101.0
甘肃省武威市古浪县,989921.25
甘肃省武威市天祝藏族自治县,699371.6
甘肃省武威市民勤县,976995.9
甘肃省甘南藏族自治州临潭县,478435.4
甘肃省甘南藏族自治州卓尼县,472488.28
甘肃省甘南藏族自治州合作市,737479.8
甘肃省甘南藏族自治州夏河县,585344.3
甘肃省甘南藏族自治州玛曲县,418600.34
甘肃省甘南藏族自治州碌曲县,302420.4
甘肃省甘南藏族自治州舟曲县,497159.5
甘肃省甘南藏族自治州迭部县,509431.75
甘肃省白银市会宁县,1310294.0
甘肃省白银市平川区,1310851.4
甘肃省白银市景泰县,867663.6
甘肃省白银市白银区,1995252.8
甘肃省白银市靖远县,1123809.2
甘肃省酒泉市敦煌市,769755.1
甘肃省酒泉市玉门市,1814759.4
甘肃省酒泉市瓜州县,808334.5
甘肃省酒泉市肃北蒙古族自治县,522245.9
甘肃省酒泉市肃州区,2306537.5
甘肃省酒泉市金塔县,1063918.5
甘肃省酒泉市阿克塞哈萨克族自治县,630871.06
甘肃省金昌市永昌县,1112187.6
甘肃省金昌市金川区,2440815.8
甘肃省陇南市两当县,226280.11
甘肃省陇南市宕昌县,623750.5
甘肃省陇南市康县,467814.9
甘肃省陇南市徽县,639252.94
甘肃省陇南市成县,909505.1
甘肃省陇南市文县,648049.7
甘肃省陇南市武都区,1499379.4
甘肃省陇南市礼县,775266.6
甘肃省陇南市西和县,731659.4
福建省三明市三元区,2175871.5
福建省三明市大田县,2516834.0
福建省三明市宁化县,2448040.8
福建省三明市将乐县,2110302.8
福建省三明市尤溪县,3194383.0
福建省三明市建宁县,1748546.0
福建省三明市明溪县,1955742.5
福建省三明市永安市,4499320.5
福建省三明市沙县,3002941.2
福建省三明市泰宁县,1641489.5
福建省三明市清流县,1796063.0
福建省南平市光泽县,1707783.5
福建省南平市建瓯市,3389651.8
福建省南平市建阳区,4314006.5
福建省南平市政和县,1662147.6
福建省南平市松溪县,975517.56
福建省南平市武夷山市,3793730.2
福建省南平市浦城县,2482284.2
福建省南平市邵武市,3182926.2
福建省南平市顺昌县,2082463.2
福建省厦门市海沧区,10679131.0
福建省宁德市古田县,3144750.0
福建省宁德市周宁县,1216780.5
福建省宁德市寿宁县,1651514.2
福建省宁德市屏南县,1445863.6
福建省宁德市柘荣县,1158486.8
福建省宁德市福安市,5226399.5
福建省宁德市福鼎市,5997411.5
福建省宁德市霞浦县,3474068.5
福建省泉州市南安市,11252328.0
福建省泉州市安溪县,6775575.0
福建省泉州市德化县,3344212.5
福建省泉州市惠安县,16604934.0
福建省泉州市晋江市,25185108.0
福建省泉州市永春县,4093191.0
福建省泉州市石狮市,9428663.0
福建省漳州市东山县,2544600.5
福建省漳州市云霄县,4268729.5
福建省漳州市华安县,1980462.4
福建省漳州市南靖县,3773326.5
福建省漳州市平和县,3151625.0
福建省漳州市漳浦县,6344866.0
福建省漳州市诏安县,3406531.2
福建省漳州市长泰县,3487339.0
福建省漳州市龙海市,10807943.0
福建省福州市平潭县,5584196.5
福建省福州市永泰县,2946282.0
福建省福州市福清市,11756693.0
福建省福州市罗源县,3160203.2
福建省福州市连江县,6885569.0
福建省福州市长乐区,9954468.0
福建省福州市闽侯县,8030769.0
福建省福州市闽清县,3092000.8
福建省莆田市仙游县,5799542.0
福建省龙岩市上杭县,4333118.0
福建省龙岩市武平县,2420670.5
福建省龙岩市永定区,3223440.5
福建省龙岩市漳平市,3396780.8
福建省龙岩市连城县,3365080.2
福建省龙岩市长汀县,3112508.5
西藏自治区山南市乃东区,975769.9
西藏自治区山南市加查县,421615.16
西藏自治区山南市扎囊县,391143.4
西藏自治区山南市措美县,387133.8
西藏自治区山南市曲松县,342077.47
西藏自治区山南市桑日县,579572.3
西藏自治区山南市洛扎县,475558.1
西藏自治区山南市浪卡子县,390322.44
西藏自治区山南市琼结县,198304.89
西藏自治区山南市贡嘎县,818977.9
西藏自治区山南市错那县,831528.3
西藏自治区山南市隆子县,691132.4
西藏自治区拉萨市堆龙德庆区,2165697.8
西藏自治区拉萨市墨竹工卡县,873078.9
西藏自治区拉萨市尼木县,477652.4
西藏自治区拉萨市当雄县,591219.5
西藏自治区拉萨市曲水县,346259.06
西藏自治区拉萨市林周县,569710.1
西藏自治区拉萨市达孜区,580911.1
西藏自治区日喀则市亚东县,661808.94
西藏自治区日喀则市仁布县,387850.5
西藏自治区日喀则市仲巴县,523557.75
西藏自治区日喀则市南木林县,529050.8
西藏自治区日喀则市吉隆县,664917.06
西藏自治区日喀则市定日县,493145.12
西藏自治区日喀则市定结县,448476.84
西藏自治区日喀则市岗巴县,458717.4
西藏自治区日喀则市康马县,367607.75
西藏自治区日喀则市拉孜县,368831.47
西藏自治区日喀则市昂仁县,520908.6
西藏自治区日喀则市桑珠孜区,2318897.0
西藏自治区日喀则市江孜县,605924.9
西藏自治区日喀则市聂拉木县,744681.7
西藏自治区日喀则市萨嘎县,384568.72
西藏自治区日喀则市萨迦县,407060.25
西藏自治区日喀则市谢通门县,506827.16
西藏自治区昌都市丁青县,681814.94
西藏自治区昌都市八宿县,461530.16
西藏自治区昌都市卡若区,861323.44
西藏自治区昌都市察雅县,342372.16
西藏自治区昌都市左贡县,248537.08
西藏自治区昌都市江达县,417015.7
西藏自治区昌都市洛隆县,552706.1
西藏自治区昌都市类乌齐县,470369.06
西藏自治区昌都市芒康县,88731.15
西藏自治区昌都市贡觉县,325568.25
西藏自治区昌都市边坝县,491512.88
西藏自治区林芝市墨脱县,362447.75
西藏自治区林芝市察隅县,409612.44
西藏自治区林芝市工布江达县,444116.44
西藏自治区林芝市巴宜区,1014017.7
西藏自治区林芝市波密县,632712.6
西藏自治区林芝市米林县,510873.16
西藏自治区那曲市嘉黎县,514454.88
西藏自治区那曲市安多县,411285.1
西藏自治区那曲市尼玛县,713639.3
西藏自治区那曲市巴青县,658198.1
西藏自治区那曲市比如县,461952.8
西藏自治区那曲市班戈县,474838.62
西藏自治区那曲市申扎县,438082.66
西藏自治区那曲市索县,368967.25
西藏自治区那曲市聂荣县,434095.88
西藏自治区那曲市色尼区,681774.2
西藏自治区阿里地区噶尔县,840790.1
西藏自治区阿里地区措勤县,322848.44
西藏自治区阿里地区改则县,433674.84
西藏自治区阿里地区日土县,272951.4
西藏自治区阿里地区普兰县,495990.53
西藏自治区阿里地区札达县,424950.75
西藏自治区阿里地区革吉县,418138.9
贵州省六盘水市六枝特区,1750026.4
贵州省六盘水市水城县,2510839.0
贵州省六盘水市盘州市,5332983.5
贵州省六盘水市钟山区,3578567.8
贵州省安顺市关岭布依族苗族自治县,932765.5
贵州省安顺市平坝区,1437210.4
贵州省安顺市普定县,1193644.8
贵州省安顺市紫云苗族布依族自治县,1368434.5
贵州省安顺市西秀区,3053134.8
贵州省安顺市镇宁布依族苗族自治县,1363447.5
贵州省毕节市七星关区,4327497.5
贵州省毕节市大方县,2451952.2
贵州省毕节市威宁彝族回族苗族自治县,3286538.8
贵州省毕节市纳雍县,1767054.6
贵州省毕节市织金县,1984641.5
贵州省毕节市赫章县,1571947.2
贵州省毕节市金沙县,2301882.0
贵州省毕节市黔西县,2265436.5
贵州省贵阳市乌当区,2319973.2
贵州省贵阳市云岩区,8240050.0
贵州省贵阳市修文县,1910555.5
贵州省贵阳市南明区,8637591.0
贵州省贵阳市开阳县,2256874.0
贵州省贵阳市息烽县,1424485.1
贵州省贵阳市清镇市,2872086.8
贵州省贵阳市白云区,4730752.0
贵州省贵阳市花溪区,6183342.5
贵州省遵义市习水县,3481710.8
贵州省遵义市仁怀市,10959063.0
贵州省遵义市余庆县,1043331.3
贵州省遵义市凤冈县,1162956.6
贵州省遵义市务川仡佬族苗族自治县,1024036.7
贵州省遵义市播州区,3231732.5
贵州省遵义市桐梓县,2846277.5
贵州省遵义市正安县,1444993.4
贵州省遵义市汇川区,3269973.2
贵州省遵义市湄潭县,1573668.4
贵州省遵义市红花岗区,3638410.2
贵州省遵义市绥阳县,1390826.5
贵州省遵义市赤水市,1677353.6
贵州省遵义市道真仡佬族苗族自治县,1040233.25
贵州省铜仁市万山区,1015428.56
贵州省铜仁市印江土家族苗族自治县,1314026.6
贵州省铜仁市德江县,1627797.6
贵州省铜仁市思南县,1492627.8
贵州省铜仁市松桃苗族自治县,1852670.2
贵州省铜仁市江口县,855078.3
贵州省铜仁市沿河土家族自治县,1283868.8
贵州省铜仁市玉屏侗族自治县,1132428.4
贵州省铜仁市石阡县,1095114.9
贵州省铜仁市碧江区,2315203.2
贵州省黔东南苗族侗族自治州三穗县,701610.0
贵州省黔东南苗族侗族自治州丹寨县,682338.3
贵州省黔东南苗族侗族自治州从江县,750177.9
贵州省黔东南苗族侗族自治州凯里市,2854279.5
贵州省黔东南苗族侗族自治州剑河县,650318.56
贵州省黔东南苗族侗族自治州台江县,483870.28
贵州省黔东南苗族侗族自治州天柱县,1090652.9
贵州省黔东南苗族侗族自治州岑巩县,592191.56
贵州省黔东南苗族侗族自治州施秉县,831697.4
贵州省黔东南苗族侗族自治州榕江县,1123330.6
贵州省黔东南苗族侗族自治州锦屏县,441490.6
贵州省黔东南苗族侗族自治州镇远县,1168837.2
贵州省黔东南苗族侗族自治州雷山县,467713.22
贵州省黔东南苗族侗族自治州麻江县,770016.0
贵州省黔东南苗族侗族自治州黄平县,742824.4
贵州省黔东南苗族侗族自治州黎平县,1191862.6
贵州省黔南布依族苗族自治州三都水族自治县,935725.8
贵州省黔南布依族苗族自治州平塘县,1211516.6
贵州省黔南布依族苗族自治州惠水县,1350864.0
贵州省黔南布依族苗族自治州独山县,1184207.5
贵州省黔南布依族苗族自治州瓮安县,1526398.2
贵州省黔南布依族苗族自治州福泉市,1393885.1
贵州省黔南布依族苗族自治州罗甸县,1291844.8
贵州省黔南布依族苗族自治州荔波县,675747.7
贵州省黔南布依族苗族自治州贵定县,1290212.4
贵州省黔南布依族苗族自治州都匀市,1927966.1
贵州省黔南布依族苗族自治州长顺县,1096969.2
贵州省黔南布依族苗族自治州龙里县,1985068.0
贵州省黔西南布依族苗族自治州兴义市,4625463.0
贵州省黔西南布依族苗族自治州兴仁市,1603301.9
贵州省黔西南布依族苗族自治州册亨县,946142.8
贵州省黔西南布依族苗族自治州安龙县,1532854.8
贵州省黔西南布依族苗族自治州普安县,837295.25
贵州省黔西南布依族苗族自治州晴隆县,940598.8
贵州省黔西南布依族苗族自治州望谟县,1294713.9
贵州省黔西南布依族苗族自治州贞丰县,1050418.8
辽宁省丹东市东港市,2431933.8
辽宁省丹东市凤城市,1876589.9
辽宁省丹东市宽甸满族自治县,986092.7
辽宁省大连市庄河市,6224909.5
辽宁省大连市瓦房店市,8068925.5
辽宁省大连市长海县,607442.1
辽宁省抚顺市抚顺县,663046.9
辽宁省抚顺市新宾满族自治县,702437.0
辽宁省抚顺市清原满族自治县,757517.44
辽宁省朝阳市凌源市,1589634.8
辽宁省朝阳市北票市,1174240.1
辽宁省朝阳市喀喇沁左翼蒙古族自治县,837519.3
辽宁省朝阳市建平县,1694479.1
辽宁省朝阳市朝阳县,981767.8
辽宁省本溪市本溪满族自治县,1011062.44
辽宁省本溪市桓仁满族自治县,1111422.6
辽宁省沈阳市康平县,1254614.8
辽宁省沈阳市新民市,2717217.8
辽宁省沈阳市法库县,1310215.6
辽宁省沈阳市辽中区,1604939.4
辽宁省盘锦市大洼区,2544196.5
辽宁省盘锦市盘山县,1952853.6
辽宁省营口市大石桥市,3154306.2
辽宁省营口市盖州市,2284372.5
辽宁省葫芦岛市兴城市,1831483.4
辽宁省葫芦岛市建昌县,925248.6
辽宁省葫芦岛市绥中县,1635796.8
辽宁省辽阳市灯塔市,1941001.9
辽宁省辽阳市辽阳县,1398821.8
辽宁省铁岭市开原市,1118956.2
辽宁省铁岭市昌图县,1986673.2
辽宁省铁岭市西丰县,644329.6
辽宁省铁岭市调兵山市,717311.25
辽宁省铁岭市铁岭县,1452666.1
辽宁省锦州市义县,995520.4
辽宁省锦州市凌海市,1361237.4
辽宁省锦州市北镇市,1095076.9
辽宁省锦州市黑山县,1050561.2
辽宁省阜新市彰武县,1135935.2
辽宁省阜新市阜新蒙古族自治县,1733906.8
辽宁省鞍山市台安县,1432355.4
辽宁省鞍山市岫岩满族自治县,1993153.4
辽宁省鞍山市海城市,6049307.5
重庆市万州区,10443957.0
重庆市九龙坡区,12664724.0
重庆市北碚区,8361755.0
重庆市南岸区,8580602.0
重庆市南川区,5588264.0
重庆市合川区,9204022.0
重庆市大渡口区,3129444.5
重庆市大足区,7188538.0
重庆市巴南区,10466625.0
重庆市开州区,6002858.0
重庆市梁平区,5263283.0
重庆市武隆区,3516346.0
重庆市永川区,9974366.0
重庆市江北区,12336251.0
重庆市江津区,10271723.0
重庆市沙坪坝区,12482402.0
重庆市涪陵区,11149318.0
重庆市渝中区,13286891.0
重庆市渝北区,18913746.0
重庆市潼南区,5852189.0
重庆市璧山区,8004736.0
重庆市綦江区,7435730.5
重庆市荣昌区,6439033.5
重庆市铜梁区,6385425.5
重庆市长寿区,7689769.5
重庆市黔江区,3341176.8
陕西省咸阳市三原县,1934809.9
陕西省咸阳市乾县,1649918.0
陕西省咸阳市兴平市,2885787.0
陕西省咸阳市彬州市,1681064.6
陕西省咸阳市旬邑县,1024425.56
陕西省咸阳市杨陵区,1834743.1
陕西省咸阳市武功县,1565092.6
陕西省咸阳市永寿县,994888.56
陕西省咸阳市泾阳县,2717887.8
陕西省咸阳市淳化县,913996.25
陕西省咸阳市渭城区,5831766.5
陕西省咸阳市礼泉县,1829431.8
陕西省咸阳市秦都区,4885437.0
陕西省咸阳市长武县,1474232.6
陕西省商洛市丹凤县,835051.25
陕西省商洛市商南县,1096979.9
陕西省商洛市商州区,1853754.2
陕西省商洛市山阳县,1446740.8
陕西省商洛市柞水县,794145.9
陕西省商洛市洛南县,1130909.9
陕西省商洛市镇安县,1232256.0
陕西省安康市宁陕县,1029577.2
陕西省安康市岚皋县,851576.8
陕西省安康市平利县,1201504.1
陕西省安康市旬阳县,1393471.8
陕西省安康市汉滨区,3263510.8
陕西省安康市汉阴县,1246214.1
陕西省安康市白河县,728512.5
陕西省安康市石泉县,1039439.25
陕西省安康市紫阳县,960416.56
陕西省安康市镇坪县,801586.75
陕西省宝鸡市凤县,1262410.2
陕西省宝鸡市凤翔县,2123542.8
陕西省宝鸡市千阳县,893854.4
陕西省宝鸡市太白县,891868.1
陕西省宝鸡市岐山县,1844860.6
陕西省宝鸡市扶风县,1633811.0
陕西省宝鸡市渭滨区,4981286.5
陕西省宝鸡市眉县,1710327.4
陕西省宝鸡市金台区,3459431.0
陕西省宝鸡市陇县,911345.1
陕西省宝鸡市陈仓区,2056106.8
陕西省宝鸡市麟游县,1347757.5
陕西省延安市吴起县,1586729.9
陕西省延安市安塞区,1166685.8
陕西省延安市宜川县,637555.6
陕西省延安市宝塔区,3504026.8
陕西省延安市富县,1006664.5
陕西省延安市延川县,955594.56
陕西省延安市延长县,2127931.8
陕西省延安市志丹县,1453680.2
陕西省延安市洛川县,2024699.0
陕西省延安市甘泉县,691211.7
陕西省延安市黄陵县,1560918.9
陕西省延安市黄龙县,626936.7
陕西省榆林市佳县,965319.56
陕西省榆林市吴堡县,323432.97
陕西省榆林市子洲县,632393.3
陕西省榆林市定边县,3281007.8
陕西省榆林市府谷县,5255785.5
陕西省榆林市榆阳区,9109868.0
陕西省榆林市横山区,2139430.5
陕西省榆林市清涧县,511087.22
陕西省榆林市神木市,13071584.0
陕西省榆林市米脂县,1105755.8
陕西省榆林市绥德县,1005826.1
陕西省榆林市靖边县,3141160.2
陕西省汉中市佛坪县,596000.4
陕西省汉中市勉县,1965293.1
陕西省汉中市南郑区,2024855.6
陕西省汉中市城固县,2033595.1
陕西省汉中市宁强县,1148971.1
陕西省汉中市汉台区,3227385.8
陕西省汉中市洋县,1408713.8
陕西省汉中市留坝县,693390.56
陕西省汉中市略阳县,1091421.1
陕西省汉中市西乡县,1355182.4
陕西省汉中市镇巴县,1095308.0
陕西省渭南市临渭区,3639573.2
陕西省渭南市华州区,1510643.8
陕西省渭南市华阴市,1134514.6
陕西省渭南市合阳县,1257180.0
陕西省渭南市大荔县,1588841.2
陕西省渭南市富平县,2174084.5
陕西省渭南市潼关县,630638.06
陕西省渭南市澄城县,1240953.5
陕西省渭南市白水县,1109689.2
陕西省渭南市蒲城县,2386863.8
陕西省渭南市韩城市,3438603.5
陕西省西安市临潼区,2816226.0
陕西省西安市周至县,1467297.8
陕西省西安市新城区,7144337.5
陕西省西安市未央区,15708509.0
陕西省西安市灞桥区,7668009.5
陕西省西安市碑林区,10510082.0
陕西省西安市莲湖区,8692269.0
陕西省西安市蓝田县,1703196.1
陕西省西安市鄠邑区,3041230.8
陕西省西安市长安区,13923864.0
陕西省西安市阎良区,2400251.5
陕西省西安市雁塔区,23008516.0
陕西省西安市高陵区,3583425.5
陕西省铜川市印台区,747526.44
陕西省铜川市宜君县,1131057.2
陕西省铜川市王益区,818388.3
陕西省铜川市耀州区,2112978.0
青海省果洛藏族自治州久治县,279955.9
青海省果洛藏族自治州玛多县,403483.88
青海省果洛藏族自治州玛沁县,520566.44
青海省果洛藏族自治州班玛县,618511.9
青海省果洛藏族自治州甘德县,371938.16
青海省果洛藏族自治州达日县,391268.03
青海省海东市乐都区,1715115.5
青海省海东市互助土族自治县,1429061.0
青海省海东市化隆回族自治县,697306.0
青海省海东市平安区,1042411.56
青海省海东市循化撒拉族自治县,633794.56
青海省海东市民和回族土族自治县,1490406.9
青海省海北藏族自治州刚察县,316344.12
青海省海北藏族自治州海晏县,469803.44
青海省海北藏族自治州祁连县,462258.44
青海省海北藏族自治州门源回族自治县,541369.1
青海省海南藏族自治州共和县,788875.6
青海省海南藏族自治州兴海县,489008.72
青海省海南藏族自治州同德县,350159.75
青海省海南藏族自治州贵南县,436260.47
青海省海南藏族自治州贵德县,778204.56
青海省海西蒙古族藏族自治州乌兰县,499680.4
青海省海西蒙古族藏族自治州天峻县,424260.97
青海省海西蒙古族藏族自治州德令哈市,835546.8
青海省海西蒙古族藏族自治州格尔木市,2976804.5
青海省海西蒙古族藏族自治州茫崖市,927070.06
青海省海西蒙古族藏族自治州都兰县,752639.9
青海省玉树藏族自治州囊谦县,590746.4
青海省玉树藏族自治州曲麻莱县,516998.3
青海省玉树藏族自治州杂多县,624212.06
青海省玉树藏族自治州治多县,799469.2
青海省玉树藏族自治州玉树市,550626.56
青海省玉树藏族自治州称多县,462698.8
青海省西宁市大通回族土族自治县,1172709.9
青海省西宁市湟源县,625835.6
青海省黄南藏族自治州同仁县,708814.3
青海省黄南藏族自治州尖扎县,327467.47
青海省黄南藏族自治州河南蒙古族自治县,504219.94
青海省黄南藏族自治州泽库县,385478.53
黑龙江省七台河市勃利县,583156.56
黑龙江省伊春市嘉荫县,431716.72
黑龙江省伊春市铁力市,1014515.44
黑龙江省佳木斯市同江市,1293410.0
黑龙江省佳木斯市富锦市,2169112.8
黑龙江省佳木斯市抚远市,1302382.5
黑龙江省佳木斯市桦南县,1069328.1
黑龙江省佳木斯市桦川县,616827.2
黑龙江省佳木斯市汤原县,762140.25
黑龙江省双鸭山市友谊县,321814.8
黑龙江省双鸭山市宝清县,1399086.2
黑龙江省双鸭山市集贤县,674916.1
黑龙江省双鸭山市饶河县,877687.56
黑龙江省哈尔滨市五常市,2182127.0
黑龙江省哈尔滨市依兰县,1135944.1
黑龙江省哈尔滨市双城区,2329231.8
黑龙江省哈尔滨市呼兰区,1634478.5
黑龙江省哈尔滨市宾县,1717946.6
黑龙江省哈尔滨市尚志市,1567448.5
黑龙江省哈尔滨市巴彦县,1395257.6
黑龙江省哈尔滨市延寿县,606078.6
黑龙江省哈尔滨市方正县,610798.94
黑龙江省哈尔滨市木兰县,819889.94
黑龙江省哈尔滨市通河县,922422.25
黑龙江省哈尔滨市阿城区,1789653.5
黑龙江省大兴安岭地区呼玛县,447116.34
黑龙江省大兴安岭地区塔河县,406200.53
黑龙江省大兴安岭地区漠河市,505374.06
黑龙江省大庆市杜尔伯特蒙古族自治县,1111059.2
黑龙江省大庆市林甸县,828182.6
黑龙江省大庆市肇州县,1284823.4
黑龙江省大庆市肇源县,969614.0
黑龙江省牡丹江市东宁市,925350.0
黑龙江省牡丹江市宁安市,1096146.9
黑龙江省牡丹江市林口县,807350.0
黑龙江省牡丹江市海林市,1234861.9
黑龙江省牡丹江市穆棱市,1155995.4
黑龙江省牡丹江市绥芬河市,540288.9
黑龙江省绥化市兰西县,668166.7
黑龙江省绥化市安达市,2455624.8
黑龙江省绥化市庆安县,794139.8
黑龙江省绥化市明水县,773361.44
黑龙江省绥化市望奎县,736147.2
黑龙江省绥化市海伦市,1657633.0
黑龙江省绥化市绥棱县,724291.25
黑龙江省绥化市肇东市,2618598.8
黑龙江省绥化市青冈县,758893.5
黑龙江省鸡西市密山市,1320455.2
黑龙江省鸡西市虎林市,1460769.1
黑龙江省鸡西市鸡东县,811566.4
黑龙江省鹤岗市绥滨县,775477.8
黑龙江省鹤岗市萝北县,942676.44
黑龙江省黑河市五大连池市,1010482.3
黑龙江省黑河市北安市,1141400.6
黑龙江省黑河市孙吴县,398034.25
黑龙江省黑河市逊克县,565382.06
黑龙江省齐齐哈尔市依安县,753907.0
黑龙江省齐齐哈尔市克东县,683318.44
黑龙江省齐齐哈尔市克山县,829577.94
黑龙江省齐齐哈尔市富裕县,960938.6
黑龙江省齐齐哈尔市拜泉县,1287397.9
黑龙江省齐齐哈尔市泰来县,771210.75
黑龙江省齐齐哈尔市甘南县,740425.7
黑龙江省齐齐哈尔市讷河市,1022560.5
黑龙江省齐齐哈尔市龙江县,1131866.1
